https://bugcrowd.com/engagements/CCData-mbb-og	?
https://bugcrowd.com/engagements/acorns	https://hub.docker.com/u/acorns
https://bugcrowd.com/engagements/afterpay	https://hub.docker.com/u/afterpay
https://bugcrowd.com/engagements/aiven-mbb-og	?
https://bugcrowd.com/engagements/anytask-mbb-og	?
https://bugcrowd.com/engagements/arlo	https://hub.docker.com/u/arlo
https://bugcrowd.com/engagements/asana	https://hub.docker.com/u/asana
https://bugcrowd.com/engagements/atlassian	https://hub.docker.com/u/atlassian
https://bugcrowd.com/engagements/atlassianapps	https://hub.docker.com/u/atlassianapps
https://bugcrowd.com/engagements/aurory-mbb-og2	?
https://bugcrowd.com/engagements/auth0-okta	?
https://bugcrowd.com/engagements/automationconsultants	https://hub.docker.com/u/automationconsultants
https://bugcrowd.com/engagements/axis-os-public	?
https://bugcrowd.com/engagements/aylo-brazzers-mbb-og	?
https://bugcrowd.com/engagements/aylo-mbb-og	?
https://bugcrowd.com/engagements/aylo-mydirtyhobby-mbb-og	?
https://bugcrowd.com/engagements/aylo-nutaku-mbb-og	?
https://bugcrowd.com/engagements/aylo-probiller-mbb-og	?
https://bugcrowd.com/engagements/aylo-trafficjunky-mbb-og	?
https://bugcrowd.com/engagements/backblaze	https://hub.docker.com/u/backblaze
https://bugcrowd.com/engagements/balsamiq	https://hub.docker.com/u/balsamiq
https://bugcrowd.com/engagements/barracuda	https://hub.docker.com/u/barracuda
https://bugcrowd.com/engagements/bigcommerce	https://hub.docker.com/u/bigcommerce
https://bugcrowd.com/engagements/binance	https://hub.docker.com/u/binance
https://bugcrowd.com/engagements/bitdefender	https://hub.docker.com/u/bitdefender
https://bugcrowd.com/engagements/bitdefenderbox2	?
https://bugcrowd.com/engagements/bitgo-mbb-og-public	?
https://bugcrowd.com/engagements/bitgo-mobileapps-mbb-og	?
https://bugcrowd.com/engagements/bitpanda-og-bb	?
https://bugcrowd.com/engagements/bitso-mbb-og	?
https://bugcrowd.com/engagements/bitstamp	https://hub.docker.com/u/bitstamp
https://bugcrowd.com/engagements/blockchain-dot-com	?
https://bugcrowd.com/engagements/blockopensource	?
https://bugcrowd.com/engagements/bolt-og	?
https://bugcrowd.com/engagements/braze-bb	?
https://bugcrowd.com/engagements/bugcrowd	https://hub.docker.com/u/bugcrowd
https://bugcrowd.com/engagements/bullish	https://hub.docker.com/u/bullish
https://bugcrowd.com/engagements/bullish-exchange	?
https://bugcrowd.com/engagements/canva	https://hub.docker.com/u/canva
https://bugcrowd.com/engagements/carrefour	https://hub.docker.com/u/carrefour
https://bugcrowd.com/engagements/cashapp	https://hub.docker.com/u/cashapp
https://bugcrowd.com/engagements/cfr	?
https://bugcrowd.com/engagements/chime	https://hub.docker.com/u/chime
https://bugcrowd.com/engagements/chipotle-mbb-og	?
https://bugcrowd.com/engagements/ciscomeraki	https://hub.docker.com/u/ciscomeraki
https://bugcrowd.com/engagements/city-of-vienna-mbb-og	?
https://bugcrowd.com/engagements/classdojo	https://hub.docker.com/u/classdojo
https://bugcrowd.com/engagements/clickhouse	https://hub.docker.com/u/clickhouse
https://bugcrowd.com/engagements/cloudinary	https://hub.docker.com/u/cloudinary
https://bugcrowd.com/engagements/cms-bbpublic	?
https://bugcrowd.com/engagements/codeclou	https://hub.docker.com/u/codeclou
https://bugcrowd.com/engagements/codefortynine	https://hub.docker.com/u/codefortynine
https://bugcrowd.com/engagements/codeorg	https://hub.docker.com/u/codeorg
https://bugcrowd.com/engagements/coindesk-mbb-og	?
https://bugcrowd.com/engagements/coindesk-mobile-mbb-og	?
https://bugcrowd.com/engagements/comcast-mbb	?
https://bugcrowd.com/engagements/comcastvdp	?
https://bugcrowd.com/engagements/consensus-mbb-og	?
https://bugcrowd.com/engagements/craftcoders	?
https://bugcrowd.com/engagements/dell-com	?
https://bugcrowd.com/engagements/dell-product	?
https://bugcrowd.com/engagements/directly	https://hub.docker.com/u/directly
https://bugcrowd.com/engagements/eazybi	https://hub.docker.com/u/eazybi
https://bugcrowd.com/engagements/elementor	https://hub.docker.com/u/elementor
https://bugcrowd.com/engagements/entain-glf-mbb-og	?
https://bugcrowd.com/engagements/entain-public-mbb-og	?
https://bugcrowd.com/engagements/epam-mbb-og	?
https://bugcrowd.com/engagements/etsy	https://hub.docker.com/u/etsy
https://bugcrowd.com/engagements/financialforce	?
https://bugcrowd.com/engagements/fireblocks-mbb-og	?
https://bugcrowd.com/engagements/fireblocks-mbb-og2	?
https://bugcrowd.com/engagements/fis	?
https://bugcrowd.com/engagements/fivetran-mbb-og	?
https://bugcrowd.com/engagements/flourish	https://hub.docker.com/u/flourish
https://bugcrowd.com/engagements/freedomofpress	?
https://bugcrowd.com/engagements/gearset-mbb	?
https://bugcrowd.com/engagements/glean-technologies-public	?
https://bugcrowd.com/engagements/hostgator-latam-bb	?
https://bugcrowd.com/engagements/hotdoc	https://hub.docker.com/u/hotdoc
https://bugcrowd.com/engagements/hpe-networking-product-public	?
https://bugcrowd.com/engagements/hutgroup-public	?
https://bugcrowd.com/engagements/ibotta	https://hub.docker.com/u/ibotta
https://bugcrowd.com/engagements/ifood-og	?
https://bugcrowd.com/engagements/immutable	https://hub.docker.com/u/immutable
https://bugcrowd.com/engagements/imperva-mbb	?
https://bugcrowd.com/engagements/indeed	https://hub.docker.com/u/indeed
https://bugcrowd.com/engagements/intercom	https://hub.docker.com/u/intercom
https://bugcrowd.com/engagements/internetbrands-public	?
https://bugcrowd.com/engagements/irobot	https://hub.docker.com/u/irobot
https://bugcrowd.com/engagements/jora	https://hub.docker.com/u/jora
https://bugcrowd.com/engagements/justeattakeaway	https://hub.docker.com/u/justeattakeaway
https://bugcrowd.com/engagements/k15t	https://hub.docker.com/u/k15t
https://bugcrowd.com/engagements/kaleido	https://hub.docker.com/u/kaleido
https://bugcrowd.com/engagements/keepersecurity	https://hub.docker.com/u/keepersecurity
https://bugcrowd.com/engagements/kiteworks-public	?
https://bugcrowd.com/engagements/kohls	https://hub.docker.com/u/kohls
https://bugcrowd.com/engagements/kucoin	https://hub.docker.com/u/kucoin
https://bugcrowd.com/engagements/lafourchette	https://hub.docker.com/u/lafourchette
https://bugcrowd.com/engagements/lastpass	https://hub.docker.com/u/lastpass
https://bugcrowd.com/engagements/latitude-financial-service-bugbounty	?
https://bugcrowd.com/engagements/legacy-blockchain-mbb-og	?
https://bugcrowd.com/engagements/lightspeed-hospitality	?
https://bugcrowd.com/engagements/lightspeed-retail	https://hub.docker.com/u/lightspeedretail
https://bugcrowd.com/engagements/lime	https://hub.docker.com/u/lime
https://bugcrowd.com/engagements/linktree-mbb-og	?
https://bugcrowd.com/engagements/lululemon	https://hub.docker.com/u/lululemon
https://bugcrowd.com/engagements/luno-og	?
https://bugcrowd.com/engagements/maffashion	?
https://bugcrowd.com/engagements/magiclabs-mbb-og	?
https://bugcrowd.com/engagements/majidalfuttaim-loyalty	?
https://bugcrowd.com/engagements/mallofemirates	?
https://bugcrowd.com/engagements/mastercard	https://hub.docker.com/u/mastercard
https://bugcrowd.com/engagements/mattermost-mbb-public	?
https://bugcrowd.com/engagements/mgmmacau-mbb-og	?
https://bugcrowd.com/engagements/monash-mbb	?
https://bugcrowd.com/engagements/moneytreekkog	?
https://bugcrowd.com/engagements/moovit-mbb-og	?
https://bugcrowd.com/engagements/motorolamobility-iot	?
https://bugcrowd.com/engagements/myapp-mbb-og	?
https://bugcrowd.com/engagements/myfitnesspal-mbb	?
https://bugcrowd.com/engagements/navan	https://hub.docker.com/u/navan
https://bugcrowd.com/engagements/neohrms	?
https://bugcrowd.com/engagements/netgear	?
https://bugcrowd.com/engagements/newrelic-mbb-og-public	?
https://bugcrowd.com/engagements/nextupai	?
https://bugcrowd.com/engagements/northwestern-mutual-mbb-og	?
https://bugcrowd.com/engagements/nubank	https://hub.docker.com/u/nubank
https://bugcrowd.com/engagements/octopus-deploy	https://hub.docker.com/u/octopusdeploy
https://bugcrowd.com/engagements/octopus-og	?
https://bugcrowd.com/engagements/odesk	https://hub.docker.com/u/odesk
https://bugcrowd.com/engagements/okta	https://hub.docker.com/u/okta
https://bugcrowd.com/engagements/onetrust	https://hub.docker.com/u/onetrust
https://bugcrowd.com/engagements/openai	https://hub.docker.com/u/openai
https://bugcrowd.com/engagements/opensea	https://hub.docker.com/u/opensea
https://bugcrowd.com/engagements/opera	https://hub.docker.com/u/opera
https://bugcrowd.com/engagements/opsgenie	https://hub.docker.com/u/opsgenie
https://bugcrowd.com/engagements/optimizely	https://hub.docker.com/u/optimizely
https://bugcrowd.com/engagements/optus-mbb-og	?
https://bugcrowd.com/engagements/orderlynetwork-mbb-og	?
https://bugcrowd.com/engagements/orderlynetwork-mbb-og2	?
https://bugcrowd.com/engagements/originenergy-og1	?
https://bugcrowd.com/engagements/pantheon	https://hub.docker.com/u/pantheon
https://bugcrowd.com/engagements/personalcapital	https://hub.docker.com/u/personalcapital
https://bugcrowd.com/engagements/pexels	https://hub.docker.com/u/pexels
https://bugcrowd.com/engagements/pinterest	https://hub.docker.com/u/pinterest
https://bugcrowd.com/engagements/pixabay	?
https://bugcrowd.com/engagements/planethosterinc	?
https://bugcrowd.com/engagements/plugin-people	?
https://bugcrowd.com/engagements/plusgrade-mbb-public	?
https://bugcrowd.com/engagements/pnimedia-bb	?
https://bugcrowd.com/engagements/prosus-og	?
https://bugcrowd.com/engagements/quintoandar	https://hub.docker.com/u/quintoandar
https://bugcrowd.com/engagements/quizlet	https://hub.docker.com/u/quizlet
https://bugcrowd.com/engagements/rapyd	?
https://bugcrowd.com/engagements/rea-mbb-og	?
https://bugcrowd.com/engagements/recroom-og	?
https://bugcrowd.com/engagements/sap-private-invite	?
https://bugcrowd.com/engagements/seek	https://hub.docker.com/u/seek
https://bugcrowd.com/engagements/seek-com	?
https://bugcrowd.com/engagements/sendbird-mbb	?
https://bugcrowd.com/engagements/shipwire	https://hub.docker.com/u/shipwire
https://bugcrowd.com/engagements/simplisafe	https://hub.docker.com/u/simplisafe
https://bugcrowd.com/engagements/skroutz	https://hub.docker.com/u/skroutz
https://bugcrowd.com/engagements/sky-plc-mbb-og	?
https://bugcrowd.com/engagements/sky-plc-mbb-og1	?
https://bugcrowd.com/engagements/sky-plc-mbb-og2	?
https://bugcrowd.com/engagements/skyscanner	https://hub.docker.com/u/skyscanner
https://bugcrowd.com/engagements/smartchain-mbb-og	?
https://bugcrowd.com/engagements/snapnames	?
https://bugcrowd.com/engagements/sophos	https://hub.docker.com/u/sophos
https://bugcrowd.com/engagements/soundcloud	https://hub.docker.com/u/soundcloud
https://bugcrowd.com/engagements/spacex	https://hub.docker.com/u/spacex
https://bugcrowd.com/engagements/sportradar-vaix-mbb-og	?
https://bugcrowd.com/engagements/square	https://hub.docker.com/u/square
https://bugcrowd.com/engagements/statuspage	https://hub.docker.com/u/statuspage
https://bugcrowd.com/engagements/stiltsoft	https://hub.docker.com/u/stiltsoft
https://bugcrowd.com/engagements/t-mobile	https://hub.docker.com/u/tmobile
https://bugcrowd.com/engagements/tamedia	https://hub.docker.com/u/tamedia
https://bugcrowd.com/engagements/tempusex-public-mbb-og	?
https://bugcrowd.com/engagements/tesla	https://hub.docker.com/u/tesla
https://bugcrowd.com/engagements/thefork-b2c-wng	?
https://bugcrowd.com/engagements/thefork-mbb-og	?
https://bugcrowd.com/engagements/thetradedesk-mbb	?
https://bugcrowd.com/engagements/thousandeyes-og	?
https://bugcrowd.com/engagements/tidal-bugbounty	?
https://bugcrowd.com/engagements/trello	https://hub.docker.com/u/trello
https://bugcrowd.com/engagements/tripadvisor-bb-og	?
https://bugcrowd.com/engagements/trm-labs-public-mbb	?
https://bugcrowd.com/engagements/twentyminuten	?
https://bugcrowd.com/engagements/tyler-tech-data-insights	?
https://bugcrowd.com/engagements/ultramobile-ecomm	?
https://bugcrowd.com/engagements/ultramobile-mobile-apps	?
https://bugcrowd.com/engagements/ultramobile-public	?
https://bugcrowd.com/engagements/ultramobile-retailer-portal	?
https://bugcrowd.com/engagements/underarmour	https://hub.docker.com/u/underarmour
https://bugcrowd.com/engagements/underarmour-corp	?
https://bugcrowd.com/engagements/unity	https://hub.docker.com/u/unity
https://bugcrowd.com/engagements/upwork	https://hub.docker.com/u/upwork
https://bugcrowd.com/engagements/usaa	https://hub.docker.com/u/usaa
https://bugcrowd.com/engagements/verisign	https://hub.docker.com/u/verisign
https://bugcrowd.com/engagements/viator	https://hub.docker.com/u/viator
https://bugcrowd.com/engagements/volkswagen-og	?
https://bugcrowd.com/engagements/volkswagen-vwfs-mbb-og	?
https://bugcrowd.com/engagements/vox	?
https://bugcrowd.com/engagements/webdotcom	?
https://bugcrowd.com/engagements/wise	https://hub.docker.com/u/wise
https://bugcrowd.com/engagements/wyze	https://hub.docker.com/u/wyze
https://bugcrowd.com/engagements/xfinity-home	?
https://bugcrowd.com/engagements/ynab	?
https://bugcrowd.com/engagements/zendesk	https://hub.docker.com/u/zendesk
https://bugcrowd.com/engagements/zola-mbb-og	?
