http://cava.com/.well-known/security.txt	?
https://agicap.com/en/bug-bounty/	?
https://apna.co/vulnerability-disclosure-policy	?
https://app.bugbounty.ch/public/engagement/details/26ed354b-a1b8-4180-9668-71c58f419812	?
https://app.bugbounty.ch/public/engagement/details/291c747e-d690-45bd-9aa3-54990d75e265	?
https://app.bugbounty.ch/public/engagement/details/2d63f8dd-fc5f-482a-bc3e-c4c4ee60f624	?
https://app.bugbounty.ch/public/engagement/details/4311aa09-78ed-44f4-8005-f4dc6a0e4e3d	?
https://app.bugbounty.ch/public/engagement/details/7c6f9d41-44eb-4fdb-a046-dd742cfb661c	?
https://app.bugbounty.ch/public/engagement/details/8e0b15d5-9916-497d-ae1f-639e78a772fd	?
https://app.bugbounty.ch/public/engagement/details/c1788598-bb0b-4e93-8812-27f5712d7aaf	?
https://app.bugbounty.ch/public/engagement/details/d44c4224-b92d-49ad-8312-104a8e2aaad2	?
https://app.bugbounty.ch/public/engagement/details/dd5761e8-104c-408b-8588-365b6b2fb2b5	?
https://app.bugbounty.ch/public/engagement/details/de64822a-60a2-45be-96ba-cd24a48bca24	?
https://app.bugbounty.ch/public/engagement/details/e9d09507-886e-4a6d-8808-883033d824e9	?
https://app.bugbounty.ch/public/engagement/details/fdd8a99f-b6ae-403a-9811-80a03e5542e3	?
https://app.bugv.io/researcher/program/0000001/detail	?
https://app.bugv.io/researcher/program/0000004/detail	?
https://app.bugv.io/researcher/program/0000005/detail	?
https://app.bugv.io/researcher/program/0000006/detail	?
https://app.bugv.io/researcher/program/0000008/detail	?
https://app.gobugfree.com/programs/threema	?
https://app.intigriti.com/programs/Uphold/upholdcom/detail	?
https://app.intigriti.com/programs/clabs/clabs/detail	?
https://app.intigriti.com/programs/dpgm/dpgmedia/detail	?
https://app.intigriti.com/programs/dpgm/tweakers/detail	?
https://app.intigriti.com/programs/intigriti/intigriti/detail	?
https://app.intigriti.com/programs/muuselabs/jooki/detail	?
https://app.intigriti.com/programs/portofantwerp/portofantwerp/detail	?
https://app.intigriti.com/programs/redbull/redbull/detail	?
https://app.intigriti.com/programs/sbb/sbbglobal/detail	?
https://app.intigriti.com/programs/telenet/telenetgroup/detail	?
https://app.intigriti.com/programs/torfs/torfs/detail	?
https://app.intigriti.com/programs/vrtnv/vrt/	?
https://app.intigriti.com/programs/wpengine/wpengine/detail	?
https://app.intigriti.com/programs/yahoo/yahoobugbounty/detail	?
https://app.intigriti.com/researcher/programs/visma/visma/detail	?
https://app.zerocopter.com/de/cvd/aef29c56-5295-4789-b848-3f121eeca350	?
https://app.zerocopter.com/en/rd/261e0379-9eb8-4de6-b45d-48e30891a8bb	?
https://app.zerocopter.com/nl/cvd/bda542d5-c421-49f8-8e9c-5e70f5525673	?
https://arrival.com/legal/security#purpose	?
https://auspost.com.au/about-us/about-our-site/responsible-disclosure	?
https://availcarsharing.com/bug-bounty	?
https://bsrc.baidu.com/v2/#/en	?
https://buffer.com/legal#security	?
https://bugbase.in/programs/bugbase	?
https://bugbase.in/programs/hike-bugbounty	?
https://bugbounty.chargezoom.com/support/tickets/new	?
https://bugbounty.compass-security.com/bug-bounties/compass-bug-bounty	?
https://bugbounty.compass-security.com/bug-bounties/hacking-lab-bug-bounty	?
https://bugbounty.hackaflag.com.br/hempresa.php?id=13	?
https://bugbounty.huawei.com/hbp/#/program	?
https://bugbounty.paytm.com	?
https://bugbounty.web.de/english.html	?
https://bugbounty.zoho.com/bb/info	?
https://bugcrowd.com/acorns	?
https://bugcrowd.com/amexgbt-vdp	?
https://bugcrowd.com/arlo	?
https://bugcrowd.com/arrow-electronics-vdp	?
https://bugcrowd.com/asana	?
https://bugcrowd.com/atlassian	?
https://bugcrowd.com/aylo-mbb-og	?
https://bugcrowd.com/binance	?
https://bugcrowd.com/bitdefender	?
https://bugcrowd.com/bitdiscovery	?
https://bugcrowd.com/bluejeans	?
https://bugcrowd.com/bugcrowd	?
https://bugcrowd.com/bullish	?
https://bugcrowd.com/caffeine	?
https://bugcrowd.com/canva	?
https://bugcrowd.com/ciscomeraki	?
https://bugcrowd.com/cloudinary	?
https://bugcrowd.com/cloudways	?
https://bugcrowd.com/coca-cola	?
https://bugcrowd.com/comcastvdp	?
https://bugcrowd.com/constantcontact	?
https://bugcrowd.com/dell-com	?
https://bugcrowd.com/deutschebank-vdp	?
https://bugcrowd.com/directly	?
https://bugcrowd.com/dropbox	?
https://bugcrowd.com/elementor	?
https://bugcrowd.com/engagements/nasa-vdp	?
https://bugcrowd.com/etsy	?
https://bugcrowd.com/expressvpn	?
https://bugcrowd.com/foxycart	?
https://bugcrowd.com/healthifyme	?
https://bugcrowd.com/hostgator	?
https://bugcrowd.com/hubspot	?
https://bugcrowd.com/humblebundle	?
https://bugcrowd.com/ibotta	?
https://bugcrowd.com/indeed	?
https://bugcrowd.com/intercom	?
https://bugcrowd.com/invision	?
https://bugcrowd.com/jora	?
https://bugcrowd.com/justeattakeaway	?
https://bugcrowd.com/kaleido	?
https://bugcrowd.com/keepersecurity	?
https://bugcrowd.com/kennasecurity	?
https://bugcrowd.com/lastpass	?
https://bugcrowd.com/lime	?
https://bugcrowd.com/linktree-mbb-og	?
https://bugcrowd.com/lululemon	?
https://bugcrowd.com/mastercard	?
https://bugcrowd.com/mastercard-vdp	?
https://bugcrowd.com/monash-mbb	?
https://bugcrowd.com/moneytreekkog	?
https://bugcrowd.com/naspers	?
https://bugcrowd.com/natwest-vdp	?
https://bugcrowd.com/netflix	?
https://bugcrowd.com/netgear	?
https://bugcrowd.com/newfold-bluehostindia-vdp	?
https://bugcrowd.com/newfold-resellerclub-vdp	?
https://bugcrowd.com/okta	?
https://bugcrowd.com/onetrust	?
https://bugcrowd.com/onhir-vdp	?
https://bugcrowd.com/opera	?
https://bugcrowd.com/opsgenie	?
https://bugcrowd.com/optimizely	?
https://bugcrowd.com/originenergy-og1	?
https://bugcrowd.com/overstockvdp	?
https://bugcrowd.com/owaspzap	?
https://bugcrowd.com/personalcapital	?
https://bugcrowd.com/pexels	?
https://bugcrowd.com/pinterest	?
https://bugcrowd.com/pixabay	?
https://bugcrowd.com/planethosterinc	?
https://bugcrowd.com/quizlet	?
https://bugcrowd.com/rarible-ogmbb	?
https://bugcrowd.com/santos-vdp	?
https://bugcrowd.com/seek	?
https://bugcrowd.com/shoppingcart	?
https://bugcrowd.com/skyscanner	?
https://bugcrowd.com/smartmockups	?
https://bugcrowd.com/sophos	?
https://bugcrowd.com/soundcloud	?
https://bugcrowd.com/spacex	?
https://bugcrowd.com/sproutsocial	?
https://bugcrowd.com/square	?
https://bugcrowd.com/stackpath	?
https://bugcrowd.com/statuspage	?
https://bugcrowd.com/stellantis	?
https://bugcrowd.com/telefonicavdp	?
https://bugcrowd.com/tesla	?
https://bugcrowd.com/trello	?
https://bugcrowd.com/twilio	?
https://bugcrowd.com/tyler-tech-data-insights	?
https://bugcrowd.com/underarmour	?
https://bugcrowd.com/unilever-vdp	?
https://bugcrowd.com/united-vdp	?
https://bugcrowd.com/upwork	?
https://bugcrowd.com/usaa	?
https://bugcrowd.com/viator	?
https://bugcrowd.com/webdotcom-vdp	?
https://bugcrowd.com/westernunion	?
https://bugcrowd.com/wise	?
https://bugcrowd.com/ynab	?
https://bugs.ikea.com/	?
https://ca.bigbank.eu/security	?
https://canary.discord.com/security	?
https://canon.a.bigcontent.io/v1/static/canon_vdp_program-policy	?
https://clickup.com/bug-bounty	?
https://community.geotab.com/s/article/How-to-report-security-vulnerabilities?language=en_US	?
https://corporate.walmart.com/article/responsible-disclosure-policy	?
https://custellence.com/responsible-disclosure.html	?
https://d66.nl/responsible-disclosure/	?
https://danskebank.com/responsible-disclosure	?
https://docs.fondy.eu/en/docs/page/bug-bounty-program	?
https://en.security.tencent.com	?
https://explore.researchgate.net/display/support/Security+and+vulnerability	?
https://explore.zoom.us/docs/ent/h1.html	?
https://github.com/grafana/bugbounty	?
https://github.com/swisscom/bugbounty	?
https://global.com/bug-bounty-policy/	?
https://gobugfree.com/programs/bbh	?
https://gobugfree.com/programs/fidentity	?
https://gobugfree.com/programs/republik	?
https://grofers.com/bug-bounty	?
https://groww.in/p/security/	?
https://hackenproof.com/1inch/1inch-smart-contract	?
https://hackenproof.com/allbridge/allbridge	?
https://hackenproof.com/alphax/alphax-exchange	?
https://hackenproof.com/assetmantle/assetmantle	?
https://hackenproof.com/asymetrix	?
https://hackenproof.com/aurora	?
https://hackenproof.com/bigone-global-exchange/bigone-global-exchange	?
https://hackenproof.com/bingx/bingx-exchange	?
https://hackenproof.com/bitcastle/bitcastle-web	?
https://hackenproof.com/bitdelta/bitdelta-web	?
https://hackenproof.com/bitexen	?
https://hackenproof.com/bitforex/bitforex	?
https://hackenproof.com/bitkub/bitkub	?
https://hackenproof.com/bitmart-exchange	?
https://hackenproof.com/bitrue/bitrue	?
https://hackenproof.com/bitstorage-finance/bitstorage-web-and-api	?
https://hackenproof.com/blofin/blofin-web-and-mobile	?
https://hackenproof.com/blueberry-protocol-foundation/blueberry-protocol-smart-contracts	?
https://hackenproof.com/btse/btse-bug-bounty-program	?
https://hackenproof.com/chainstack/chainstack	?
https://hackenproof.com/citex-exchange/citex-web-and-api	?
https://hackenproof.com/civic/civic-smart-contracts	?
https://hackenproof.com/coin98/coin98	?
https://hackenproof.com/coingecko/coingecko	?
https://hackenproof.com/coinmetro/coinmetro-exchange	?
https://hackenproof.com/coinsbit/coinsbit	?
https://hackenproof.com/coinstore/coinstore	?
https://hackenproof.com/cointr-pro/cointr-pro-mobile-and-api	?
https://hackenproof.com/coinw/coinw-web-and-mobile	?
https://hackenproof.com/cryptology/cryptology	?
https://hackenproof.com/deepcoin/deepcoin-web-and-mobile	?
https://hackenproof.com/deltaprime/deltaprime-smart-contracts	?
https://hackenproof.com/dex-trade/dex-trade	?
https://hackenproof.com/dexalot	?
https://hackenproof.com/dexe-protocol/dexe-protocol-smart-contracts	?
https://hackenproof.com/difx/difx	?
https://hackenproof.com/dodoex	?
https://hackenproof.com/envelop/envelop-smart-contracts	?
https://hackenproof.com/evaa	?
https://hackenproof.com/exmo/exmo	?
https://hackenproof.com/exzi/exzi-web-and-mobile	?
https://hackenproof.com/fastex/fastex-web	?
https://hackenproof.com/filmio	?
https://hackenproof.com/gate-dot-io/gate-dot-io-exchange	?
https://hackenproof.com/hacken/hackenproof	?
https://hackenproof.com/horizon-protocol/horizon-protocol-smart-contracts	?
https://hackenproof.com/impermax-finance/impermax-finance-smart-contracts	?
https://hackenproof.com/iotex/iotex	?
https://hackenproof.com/jojo/jojo-web	?
https://hackenproof.com/kinza/kinza-smart-contracts	?
https://hackenproof.com/kolibrio/alfred-telegram-trading-bot	?
https://hackenproof.com/kucoin	?
https://hackenproof.com/kuna/kuna-crypto-exchange	?
https://hackenproof.com/latoken/latoken-exchange	?
https://hackenproof.com/lcx/lcx	?
https://hackenproof.com/letsexchange/letsexchange-web-and-api	?
https://hackenproof.com/metamask/metamask-validator-staking-smart-contracts	?
https://hackenproof.com/metis/metis-smart-contracts	?
https://hackenproof.com/myetherwallet	?
https://hackenproof.com/mysten-labs/sui-wallet	?
https://hackenproof.com/near	?
https://hackenproof.com/nicehash	?
https://hackenproof.com/okcoin/okcoin	?
https://hackenproof.com/okx-1/okx	?
https://hackenproof.com/oort/oort-protocol	?
https://hackenproof.com/p2b-exchange/p2b-exchange	?
https://hackenproof.com/pionex/pionex-app-and-api	?
https://hackenproof.com/plisio/plisio	?
https://hackenproof.com/pointpay/pointpay-web-and-mobile	?
https://hackenproof.com/poloniex/poloniex-web-and-api	?
https://hackenproof.com/polygon-technology/polygon-pos	?
https://hackenproof.com/probit-global/probit-web-and-mobile	?
https://hackenproof.com/pumb-dot-ua	?
https://hackenproof.com/router/router-web	?
https://hackenproof.com/shido/shido-network-protocol	?
https://hackenproof.com/smardex/smardex-smart-contracts	?
https://hackenproof.com/smilee/smilee-smart-contracts	?
https://hackenproof.com/sui/sui-protocol	?
https://hackenproof.com/superfluid/superfluid-super-token-smart-contracts	?
https://hackenproof.com/ternoa	?
https://hackenproof.com/tetu/tetu-smart-contracts	?
https://hackenproof.com/tickets-travel-network/tickets-travel-network-slash-updated-ui	?
https://hackenproof.com/tokenize-xchange/tokenize-xchange-web-and-mobile	?
https://hackenproof.com/ton-diamonds/ton-diamonds-web	?
https://hackenproof.com/toobit/toobit-web-and-mobile	?
https://hackenproof.com/trustee/trustee-plus-mobile	?
https://hackenproof.com/uacatsdivision	?
https://hackenproof.com/unicorn-ultra/u2staking-web	?
https://hackenproof.com/vaultka/vaultka-smart-contracts	?
https://hackenproof.com/vechain	?
https://hackenproof.com/vertex-protocol	?
https://hackenproof.com/whitebit/whitebit	?
https://hackenproof.com/whitemarket/whitemarket-web	?
https://hackenproof.com/xt/xt	?
https://hackenproof.com/zetachain	?
https://hackerone.com/8x8	?
https://hackerone.com/abercrombie_fitch	?
https://hackerone.com/acronis	?
https://hackerone.com/adobe	?
https://hackerone.com/airbnb	?
https://hackerone.com/airtable	?
https://hackerone.com/aiven_ltd	?
https://hackerone.com/algolia	?
https://hackerone.com/alibaba	?
https://hackerone.com/allegion	?
https://hackerone.com/allegro	?
https://hackerone.com/alohi	?
https://hackerone.com/amazonvrp	?
https://hackerone.com/american_systems_bbp	?
https://hackerone.com/amitree_inc	?
https://hackerone.com/att	?
https://hackerone.com/automattic	?
https://hackerone.com/avalara	?
https://hackerone.com/backblaze	?
https://hackerone.com/badoo	?
https://hackerone.com/bime	?
https://hackerone.com/binary	?
https://hackerone.com/bitaccess	?
https://hackerone.com/bitgo	?
https://hackerone.com/bitmex	?
https://hackerone.com/bitwarden	?
https://hackerone.com/blend-labs	?
https://hackerone.com/blockchain	?
https://hackerone.com/bmwgroup	?
https://hackerone.com/boozt	?
https://hackerone.com/brave	?
https://hackerone.com/bugpoc	?
https://hackerone.com/bunq	?
https://hackerone.com/capital-one	?
https://hackerone.com/casper	?
https://hackerone.com/cbre	?
https://hackerone.com/cedars-sinai	?
https://hackerone.com/central-security-project	?
https://hackerone.com/cfptime	?
https://hackerone.com/chainlink	?
https://hackerone.com/chaturbate	?
https://hackerone.com/chime	?
https://hackerone.com/circle	?
https://hackerone.com/cirrusinsight	?
https://hackerone.com/city_of_los_angeles_vdp	?
https://hackerone.com/clario	?
https://hackerone.com/cloudflare	?
https://hackerone.com/coalition	?
https://hackerone.com/cobinhood	?
https://hackerone.com/coda_bbp	?
https://hackerone.com/codefi_bbp	?
https://hackerone.com/codeigniter	?
https://hackerone.com/coinbase	?
https://hackerone.com/coinspot?type=team	?
https://hackerone.com/companyhub	?
https://hackerone.com/consensys	?
https://hackerone.com/cornershop	?
https://hackerone.com/costco	?
https://hackerone.com/coursera	?
https://hackerone.com/creditkarma	?
https://hackerone.com/crowdstrike	?
https://hackerone.com/crypto	?
https://hackerone.com/curve	?
https://hackerone.com/cuvva	?
https://hackerone.com/dashlane	?
https://hackerone.com/databricks	?
https://hackerone.com/datastax	?
https://hackerone.com/delight_im	?
https://hackerone.com/deliveroo	?
https://hackerone.com/deptofdefense	?
https://hackerone.com/deribit	?
https://hackerone.com/devolksbank	?
https://hackerone.com/digitalocean	?
https://hackerone.com/disney	?
https://hackerone.com/duckduckgo	?
https://hackerone.com/ecobee	?
https://hackerone.com/ed	?
https://hackerone.com/elastic	?
https://hackerone.com/engel_volkers	?
https://hackerone.com/eobotcom	?
https://hackerone.com/epicgames	?
https://hackerone.com/eslint	?
https://hackerone.com/etoro_bbp	?
https://hackerone.com/evernote	?
https://hackerone.com/exness	?
https://hackerone.com/exodus	?
https://hackerone.com/expediagroup	?
https://hackerone.com/fanduel	?
https://hackerone.com/fastly-vdp	?
https://hackerone.com/fetlife	?
https://hackerone.com/fidelity	?
https://hackerone.com/fig	?
https://hackerone.com/files	?
https://hackerone.com/filezilla	?
https://hackerone.com/finra	?
https://hackerone.com/fitbit	?
https://hackerone.com/flexport_vdp	?
https://hackerone.com/flickr	?
https://hackerone.com/floqast	?
https://hackerone.com/flutteruki	?
https://hackerone.com/ford	?
https://hackerone.com/forescout_technologies	?
https://hackerone.com/genasys	?
https://hackerone.com/gener8	?
https://hackerone.com/github	?
https://hackerone.com/gitlab	?
https://hackerone.com/glassdoor	?
https://hackerone.com/gmelius	?
https://hackerone.com/gojek	?
https://hackerone.com/goldmansachs	?
https://hackerone.com/goodrx	?
https://hackerone.com/grab	?
https://hackerone.com/grammarly	?
https://hackerone.com/greenhouse	?
https://hackerone.com/grindr	?
https://hackerone.com/gymshark	?
https://hackerone.com/h1-ctf	?
https://hackerone.com/hannob	?
https://hackerone.com/harvest	?
https://hackerone.com/helium	?
https://hackerone.com/hilton	?
https://hackerone.com/hy-vee	?
https://hackerone.com/hyatt	?
https://hackerone.com/hyperledger	?
https://hackerone.com/hypr-corp	?
https://hackerone.com/ibm	?
https://hackerone.com/imgur	?
https://hackerone.com/indrive	?
https://hackerone.com/infogram	?
https://hackerone.com/informatica	?
https://hackerone.com/ing	?
https://hackerone.com/insolar	?
https://hackerone.com/instacart	?
https://hackerone.com/insulet_corporation	?
https://hackerone.com/intuit_rdp	?
https://hackerone.com/investnext	?
https://hackerone.com/iovlabs	?
https://hackerone.com/irccloud	?
https://hackerone.com/ivanti	?
https://hackerone.com/jamieweb	?
https://hackerone.com/jd_com	?
https://hackerone.com/jetblue	?
https://hackerone.com/jfrog	?
https://hackerone.com/jimdo	?
https://hackerone.com/jnj_mobile	?
https://hackerone.com/john-deere	?
https://hackerone.com/kartpay	?
https://hackerone.com/keybank	?
https://hackerone.com/khanacademy	?
https://hackerone.com/kindred_group	?
https://hackerone.com/kiwi-ki	?
https://hackerone.com/kiwicom	?
https://hackerone.com/koho	?
https://hackerone.com/kopikas_entertainment	?
https://hackerone.com/kraden	?
https://hackerone.com/kubernetes	?
https://hackerone.com/lark_technologies	?
https://hackerone.com/legalrobot	?
https://hackerone.com/lemlist	?
https://hackerone.com/liberapay	?
https://hackerone.com/lifeomic	?
https://hackerone.com/line	?
https://hackerone.com/livestream	?
https://hackerone.com/lob	?
https://hackerone.com/localizejs	?
https://hackerone.com/localtapiola	?
https://hackerone.com/logitech	?
https://hackerone.com/lyst	?
https://hackerone.com/magento	?
https://hackerone.com/magisto	?
https://hackerone.com/mailtime_technology_inc	?
https://hackerone.com/malwarebytes	?
https://hackerone.com/mapbox	?
https://hackerone.com/mariadb	?
https://hackerone.com/marriott	?
https://hackerone.com/mars	?
https://hackerone.com/matomo	?
https://hackerone.com/maximum	?
https://hackerone.com/mendix	?
https://hackerone.com/mercadolibre	?
https://hackerone.com/mobisystems_ltd	?
https://hackerone.com/monarch_money	?
https://hackerone.com/moneybird	?
https://hackerone.com/mongodb	?
https://hackerone.com/monolith	?
https://hackerone.com/moonpay	?
https://hackerone.com/mount-sinai-health	?
https://hackerone.com/mtn_group	?
https://hackerone.com/myndr	?
https://hackerone.com/natur_com_gmbh	?
https://hackerone.com/ncsc_uk	?
https://hackerone.com/newegg	?
https://hackerone.com/newrelic	?
https://hackerone.com/nextcloud	?
https://hackerone.com/ninja-kiwi	?
https://hackerone.com/nominet	?
https://hackerone.com/nordsecurity	?
https://hackerone.com/nubank	?
https://hackerone.com/nutanix	?
https://hackerone.com/oanda	?
https://hackerone.com/olx	?
https://hackerone.com/omise	?
https://hackerone.com/open-xchange	?
https://hackerone.com/openmage	?
https://hackerone.com/opensea	?
https://hackerone.com/orion_labs	?
https://hackerone.com/otf	?
https://hackerone.com/owncloud	?
https://hackerone.com/palantir_public	?
https://hackerone.com/palo_alto_software	?
https://hackerone.com/panther_labs	?
https://hackerone.com/parrot_sec	?
https://hackerone.com/passit	?
https://hackerone.com/payoneer	?
https://hackerone.com/paypal	?
https://hackerone.com/people_interactive	?
https://hackerone.com/picsart	?
https://hackerone.com/pingidentity	?
https://hackerone.com/pixiv	?
https://hackerone.com/plaid	?
https://hackerone.com/playstation	?
https://hackerone.com/portswigger	?
https://hackerone.com/postmates	?
https://hackerone.com/priceline	?
https://hackerone.com/pubg	?
https://hackerone.com/pyca	?
https://hackerone.com/quantopian	?
https://hackerone.com/qulture_rocks	?
https://hackerone.com/quora	?
https://hackerone.com/rabobank	?
https://hackerone.com/railto	?
https://hackerone.com/ratelimited	?
https://hackerone.com/realogy	?
https://hackerone.com/recargapay	?
https://hackerone.com/recorded-future	?
https://hackerone.com/reddit	?
https://hackerone.com/redis-vdp	?
https://hackerone.com/remb_hydraulics	?
https://hackerone.com/replyify	?
https://hackerone.com/resmed	?
https://hackerone.com/rghost	?
https://hackerone.com/riot/	?
https://hackerone.com/rivian_automotive	?
https://hackerone.com/ro	?
https://hackerone.com/robinhood	?
https://hackerone.com/roblox	?
https://hackerone.com/rockset	?
https://hackerone.com/rockstargames	?
https://hackerone.com/rubygems	?
https://hackerone.com/savedroid	?
https://hackerone.com/saytechnologies	?
https://hackerone.com/scopely	?
https://hackerone.com/secnews	?
https://hackerone.com/security	?
https://hackerone.com/securityscorecard	?
https://hackerone.com/semrush	?
https://hackerone.com/shein	?
https://hackerone.com/shipt	?
https://hackerone.com/shopify	?
https://hackerone.com/shoplazza	?
https://hackerone.com/showmax	?
https://hackerone.com/sidefx	?
https://hackerone.com/simple	?
https://hackerone.com/slack	?
https://hackerone.com/smartsheet	?
https://hackerone.com/smtp2go	?
https://hackerone.com/smule	?
https://hackerone.com/snapchat	?
https://hackerone.com/sony	?
https://hackerone.com/sorare	?
https://hackerone.com/spell	?
https://hackerone.com/spotify	?
https://hackerone.com/stagingdoteverydotorg	?
https://hackerone.com/standardbank	?
https://hackerone.com/starbucks	?
https://hackerone.com/starling_bank	?
https://hackerone.com/streak_com	?
https://hackerone.com/stripe	?
https://hackerone.com/stripo	?
https://hackerone.com/strongdm	?
https://hackerone.com/superbet	?
https://hackerone.com/sweatco_ltd	?
https://hackerone.com/teleport	?
https://hackerone.com/tide	?
https://hackerone.com/tiktok	?
https://hackerone.com/tinder	?
https://hackerone.com/tomtom	?
https://hackerone.com/top_echelon_software	?
https://hackerone.com/topcoder	?
https://hackerone.com/toyota	?
https://hackerone.com/trade-republic-bbp	?
https://hackerone.com/trellix	?
https://hackerone.com/trendyol	?
https://hackerone.com/trint	?
https://hackerone.com/trustpilot	?
https://hackerone.com/trycourier	?
https://hackerone.com/tts	?
https://hackerone.com/twitter	?
https://hackerone.com/uber	?
https://hackerone.com/udemy	?
https://hackerone.com/ui	?
https://hackerone.com/unikrn	?
https://hackerone.com/upgrade	?
https://hackerone.com/uphabit	?
https://hackerone.com/ups	?
https://hackerone.com/upserve	?
https://hackerone.com/urbancompany	?
https://hackerone.com/urbandictionary	?
https://hackerone.com/valve	?
https://hackerone.com/vanilla	?
https://hackerone.com/varonis	?
https://hackerone.com/veeam	?
https://hackerone.com/vercel	?
https://hackerone.com/vimeo	?
https://hackerone.com/vivy	?
https://hackerone.com/wealthsimple	?
https://hackerone.com/weblate	?
https://hackerone.com/wellsfargo	?
https://hackerone.com/wickr	?
https://hackerone.com/windstream	?
https://hackerone.com/wordpress	?
https://hackerone.com/worklytics	?
https://hackerone.com/xiaomi	?
https://hackerone.com/ycombinator	?
https://hackerone.com/yelp	?
https://hackerone.com/yuga_labs	?
https://hackerone.com/zendesk	?
https://hackerone.com/zenly	?
https://hackerone.com/zilliqa	?
https://hackerone.com/zivver	?
https://hackerone.com/zomato	?
https://help.imdb.com/article/imdb/general-information/how-to-report-security-issues-and-vulnerabilities/G99J5YVB8SBBMJ73?ref_=helpart_nav_14#	?
https://help.smartling.com/hc/en-us/articles/360008147833-Bug-Bounty-Policy	?
https://help.tryhackme.com/en/articles/6495946-the-bug-bounty-program	?
https://home.bluesnap.com/security-bounty/	?
https://huit.harvard.edu/responsible-vulnerability-reporting-standards#inscope	?
https://immunefi.com/bounty/hakkafinance/	?
https://immunefi.com/bounty/lido/	?
https://immunefi.com/bounty/makerdao/	?
https://immunefi.com/bounty/wombatexchange/	?
https://internet.nl/disclosure/	?
https://issuu.com/responsible-disclosure	?
https://itslearning.com/global/your-data-matters/responsible-disclosure/	?
https://jivochat.com/bugbounty/	?
https://legal.shakepay.com/bug-bounty-program	?
https://mailtrack.io/en/responsible-vulnerability	?
https://mcdelivery.co.in/bug-bounty	?
https://moviexchange.com/responsible-disclosure-policy/	?
https://mujs.com/security.html	?
https://n26.com/en-eu/bug-bounty-program	?
https://ngrok.com/security/disclosure-and-reward-program	?
https://nozbe.com/bug-bounty/	?
https://observu.com/security.php	?
https://octopus.com/security/disclosure	?
https://on2it.net/en/responsible-disclosure/	?
https://onfido.com/company/responsible-disclosure/	?
https://opire.dev	?
https://oroinc.com/bug-bounty/	?
https://over.nos.nl/organisatie/regelgeving/	?
https://pickyassist.com/blog/bug-bounty-program-bug-beacon/	?
https://porkbun.com/products/bug_bounty	?
https://proton.me/security/bug-bounty	?
https://protonvpn.com/blog/bug-bounty-program/	?
https://razorpay.com/responsible-disclosure/	?
https://responsibledisclosure.jpmorganchase.com	?
https://rewind.com/legal/vulnerability-disclosure-policy/	?
https://rupiahtoken.com/blog/bug-bounty-program	?
https://samsungtvbounty.com	?
https://sec.didichuxing.com	?
https://security.apple.com	?
https://security.dji.com/policy?lang=en_US	?
https://security.meituan.com/	?
https://security.oneplus.com/	?
https://security.oppo.com/en/	?
https://security.remitano.com/	?
https://security.samsungmobile.com/rewardsProgram.smsb	?
https://security.tecno.com/dashboard	?
https://security.unionpay.com/	?
https://security.vivo.com.cn/#/home	?
https://support.clio.com/hc/en-us/articles/360001114273-How-do-I-Claim-a-Bug-Bounty-or-Report-a-Vulnerability-	?
https://support.crowdin.com/vulnerability-policy/	?
https://support.instamojo.com/hc/en-us/articles/207758769-Instamojo-Bug-Bounty-Policy	?
https://support.narkasa.com/hc/en-us/articles/360011019458-Bug-Bounty	?
https://synack.responsibledisclosure.com/hc/en-us/	?
https://tealium.com/vdp/	?
https://todoist.com/help/articles/doist-bug-bounty-policy	?
https://touchincentive.com/responsible-disclosure/	?
https://tutanota.com/faq/#report-vulnerability	?
https://uit.stanford.edu/security/bug-bounty	?
https://umbraco.com/about-us/trust-center/security-and-umbraco/how-to-report-a-vulnerability-in-umbraco/	?
https://upstox.com/bug-bounty/	?
https://uxcam.com/bug-bounty	?
https://vdp.mediamarktsaturn.com/p/Submission-Form	?
https://vng.nl/kwetsbaarheid-melden	?
https://whitehat.olacabs.com	?
https://woodpecker.co/vulnerability-disclosure-program/	?
https://www.4chan.org/security	?
https://www.84codes.com/security	?
https://www.achmea.nl/en/responsibledisclosure	?
https://www.adafruit.com/reportingsecurityissues	?
https://www.aims360.com/vulnerability-responses/	?
https://www.airship.com/legal/full-disclosure-security-policy/	?
https://www.alaskaair.com/content/about-us/site-info/report-site-security-issues	?
https://www.amocrm.com/vulnerability-disclosure-program/	?
https://www.apsis.com/bug-bounty	?
https://www.ata.network/bugbounty	?
https://www.auvik.com/vulnerability-disclosure-program/	?
https://www.avrotros.nl/privacy/responsible-disclosure/	?
https://www.bbc.com/backstage/security-disclosure-policy/	?
https://www.belastingdienst.nl/wps/wcm/connect/bldcontenten/standaard_functies/individuals/contact/data-leak-vulnerability-abuse-computer-systems/data-leak-vulnerability-abuse-computer-systems-report	?
https://www.bentley.com/legal/common-vulnerability-exposure-program/	?
https://www.bitfinex.com/bug-bounty/	?
https://www.btcturk.com/odul-avciligi	?
https://www.cbs.nl/en-gb/about-us/website/coordinated-vulnerability-disclosure--cvd--	?
https://www.checkpoint.com/white-hat/	?
https://www.codechef.com/bug-bounty-program	?
https://www.conclusion.nl/kleine-lettertjes/coordinated-vulnerability-disclosure	?
https://www.consumerfinance.gov/vulnerability-disclosure-policy/	?
https://www.cvshealth.com/vulnerability-disclosure-program	?
https://www.datto.com/legal/vulnerability-disclosure-program	?
https://www.dokobit.com/compliance/vulnerability-disclosure-policy	?
https://www.easyname.de/de/support/easyname/253-bug-bounty-programm	?
https://www.easyprojects.net/company/vulnerability-reward-program/	?
https://www.ecb.europa.eu/services/responsible-disclosure/html/index.nl.html	?
https://www.eccouncil.org/bug-bounty/	?
https://www.eerstekamer.nl/begrip/responsible_disclosure	?
https://www.eff.org/security/	?
https://www.einride.tech/vulnerability-disclosure-policy	?
https://www.empuls.io/bug-bounty	?
https://www.epam.com/.well-known/SecurityPolicy.html	?
https://www.eventbrite.com/security/	?
https://www.facebook.com/whitehat	?
https://www.first.org/about/bugs	?
https://www.flipkart.com/pages/security	?
https://www.freshworks.com/security/responsible-disclosure/	?
https://www.genetec.com/trust-cybersecurity/bug-bounty	?
https://www.google.com/about/appsecurity/reward-program/	?
https://www.gov.uk/guidance/report-a-vulnerability-on-an-mod-system	?
https://www.government.nl/topics/cybercrime/fighting-cybercrime-in-the-netherlands/responsible-disclosure	?
https://www.hackerrank.com/trust/security/	?
https://www.hhs.gov/vulnerability-disclosure-policy/index.html	?
https://www.hootsuite.com/security	?
https://www.htc.com/in/terms/product-security/	?
https://www.impactguru.com/bug-bounty	?
https://www.indmoney.com/page/bug-bounty	?
https://www.kraken.com/en-us/features/security/bug-bounty	?
https://www.liquidweb.com/about-us/policies/bug-bounty-program/	?
https://www.logmeonce.com/vulnerability-disclosure-policy/	?
https://www.make.com/en/bounty	?
https://www.makemytrip.com/pwa-hlp/mmtbb/report	?
https://www.microsoft.com/en-us/msrc/bounty-online-services	?
https://www.mobikwik.com/bug-bounty/guidelines	?
https://www.mollie.com/responsible-disclosure	?
https://www.myntra.com/security/whitehat	?
https://www.nextiva.com/security-policy.html	?
https://www.nike.com/help/a/responsible-disclosure	?
https://www.nokia.com/responsible-disclosure/	?
https://www.odoo.com/security-report	?
https://www.offensive-security.com/bug-bounty-program/	?
https://www.openbugbounty.org/bugbounty/TucWebmaster/	?
https://www.pagerduty.com/security/disclosure/	?
https://www.parity.io/bug-bounty/	?
https://www.pggm.nl/en/responsible-disclosure	?
https://www.playtech.com/contact-us/security-inquiry	?
https://www.pon-cat.com/nl/responsible-disclosure	?
https://www.postnl.nl/en/responsible-disclosure/	?
https://www.purevpn.com/vulnerability-disclosure-policy	?
https://www.range.co/security/bounty	?
https://www.razer.com/security/bug-bounty-program	?
https://www.rechtspraak.nl/English/Contact/Pages/Contact-point-vulnerabilities-responsible-disclosure.aspx	?
https://www.reveantivirus.com/in/bug-bounty-program	?
https://www.salesforce.com/company/disclosure/	?
https://www.schiphol.nl/en/page/responsible-disclosure-notification/	?
https://www.scholarfundwa.org/bug-bounty	?
https://www.schwab.com/schwabsafe/report-a-vulnerability	?
https://www.sendcloud.com/bug-bounty-program/	?
https://www.shopclues.com/wall-of-fame.html	?
https://www.sidn.nl/en/cybersecurity/reporting-a-security-breach	?
https://www.sketch.com/security/disclosure/	?
https://www.smokescreen.io/responsible-disclosure-policy/	?
https://www.spokeo.com/bug-bounty	?
https://www.ssa.gov/vulnerability-disclosure-policy/	?
https://www.standard.com/about-standard/responsible-disclosure-program	?
https://www.surf.nl/en/responsible-disclosure	?
https://www.swiggy.com/bug-bounty	?
https://www.t-mobile.cz/bug-bounty	?
https://www.takealot.com/help/responsible-disclosure-policy	?
https://www.td.com/ca/en/about-td/privacy-and-security/report-vulnerability	?
https://www.telekom.com/en/corporate-responsibility/data-protection-data-security/security/details/closing-security-gaps-360054	?
https://www.traveloka.com/en-id/bugs	?
https://www.tripit.com/web/security	?
https://www.vista.co/responsible-disclosure-policy/	?
https://www.volkis.com.au/vulnerability-disclosure/	?
https://www.walla.co.il/.well-know/security.txt	?
https://www.westerndigital.com/en-ap/support/product-security/vulnerability-disclosure-policy	?
https://www.winni.in/bug-bounty	?
https://www.yatra.com/online/bug-bounty	?
https://www.zynga.com/security/whitehats/	?
https://www.zyte.com/terms-policies/responsible-disclosure-policy/	?
https://www2.hm.com/security.txt	?
https://yandex.com/bugbounty/index	?
https://yeswehack.com/programs/alasco-gmbh-bug-bounty-program	?
https://yeswehack.com/programs/atg-public-bug-bounty-program	?
https://yeswehack.com/programs/bug-bounty-program-blablacar	?
https://yeswehack.com/programs/coindcx-bug-bounty-program#program-description	?
https://yeswehack.com/programs/contentsquare-bug-bounty-program	?
https://yeswehack.com/programs/dailymotion-public-bug-bounty	?
https://yeswehack.com/programs/datadome-bug-bounty	?
https://yeswehack.com/programs/deezer-bug-bounty-program-2019	?
https://yeswehack.com/programs/doctolib-public-bug-bounty-program	?
https://yeswehack.com/programs/ezviz-bug-bounty-program#program-description	?
https://yeswehack.com/programs/govtech-vulnerability-disclosure-programme-policy	?
https://yeswehack.com/programs/harman-international-web-applications	?
https://yeswehack.com/programs/infomaniak-bug-bounty-program	?
https://yeswehack.com/programs/mon-espace-sante-mes	?
https://yeswehack.com/programs/okto-bug-bounty-program	?
https://yeswehack.com/programs/ovh	?
https://yeswehack.com/programs/qwant	?
https://yeswehack.com/programs/spacelift-io-bug-bounty-program	?
https://yeswehack.com/programs/swapcard	?
https://yeswehack.com/programs/swiss-post	?
https://yeswehack.com/programs/telenor-sweden-public-bug-bounty-program	?
https://yeswehack.com/programs/vfs-global-bug-bounty-program	?
https://yeswehack.com/programs/yes-we-hack	?
https://zapier.com/engineering/bug-bounty-program/	?
https://zerodha.com/bug-bounty/	?
