http://amara.org/en/security	?
http://bugbounty.whale.naver.com	?
http://code.reddit.com/wiki/help/whitehat	?
http://corp.wamba.com/en/developer/security/#form	?
http://corporate.tuenti.com/en/dev/security	?
http://en.security.tencent.com/	?
http://fotoforensics.com/faq.php?show=Security	?
http://get.harmonyapp.com/security/	?
http://jlg.com/.well-known/security.txt	?
http://msd.govt.nz/about-msd-and-our-work/tools/responsible-disclosure-guidelines.html	?
http://nsn.com/responsible-disclosure	?
http://opentext.com/2/global/company/security-acknowledgements.htm	?
http://perldoc.perl.org/perlsec.html#SECURITY-VULNERABILITY-CONTACT-INFORMATION	?
http://piwik.org/security/	?
http://research.magix.com/	?
http://support.quadency.com/en/articles/2869964-bug-bounty-program	?
http://technet.microsoft.com/en-US/security/dn425036	?
http://technet.microsoft.com/en-us/security/dn800983	?
http://webconverger.org/security/	?
http://www.123contactform.com/security-acknowledgements.htm	?
http://www.aerohive.com/support/security-center	?
http://www.city-data.com/bug-bounty.html	?
http://www.debian.org/Bugs/	?
http://www.eclipse.org/security/	?
http://www.eventbrite.com/security/	?
http://www.ffmpeg.org/security.html	?
http://www.google.com/about/appsecurity/reward-program/	?
http://www.mcgarrybowen.com/Responsible-Disclosure-Policy	?
http://www.medtronic.com/contact-us/index.htm?cmpid=mdt_plc_2015_US_footer_nav_contact_us_mdt_us_legacy_contact_us_form_link	?
http://www.myntra.com/security/whitehat	?
http://www.namazu.org/security.html	?
http://www.olark.com/customer/portal/articles/1237352	?
http://www.rackspace.com/information/legal/rsdp	?
http://www.relaso.com/disclosure/	?
http://www.riotgames.com/riot-games-security	?
http://www.skuidify.com/security	?
http://www.sonatype.com/contact/report-a-security-issue	?
https://18f.gsa.gov/vulnerability-disclosure-policy/	?
https://305.nl/en/terms-and-conditions/security/	?
https://a-tcontrols.com/responsible-disclosure/	?
https://a16z.com/security-policy	?
https://about.gitlab.com/security/disclosure/	?
https://access.redhat.com/articles/66234	?
https://access.redhat.com/security/team/contact	?
https://accodeing.com/security/policy	?
https://activeprospect.com/security/	?
https://ada.com/security-vulnerability-disclosure-policy/	?
https://admin.reinvent.com/security/security.policy.txt	?
https://administrator.technology/privacy.php	?
https://agentlegend.com/vulnerability-disclosure-policy/	?
https://aion.network/terms-bounty/	?
https://aircrack-ng.org/security.html	?
https://airvpn.org/security_policy/	?
https://aleria.fr/legales.php	?
https://alscotoday.com/go/bug	?
https://ampcode.com/security/	?
https://app.intigriti.com/programs/digitalocean/digitalocean	?
https://app.trovisio.com/legal?disclosure=disclosure	?
https://app.usabilityhub.com/security/responsible_disclosure	?
https://ark.io/blog/ark-development-and-security-bounty-program-arkio-blog	?
https://asana.com/bounty	?
https://athento.zendesk.com/hc/es/articles/360010484720	?
https://auderenow.org/security	?
https://augur.net/blog/v2-bug-bounty/	?
https://auspost.com.au/about-us/about-our-site/responsible-disclosure	?
https://auth0.com/responsible-disclosure-policy/	?
https://authress.io/app/#/disclosure	?
https://autoklose.com/vulnerability-disclosure-program/	?
https://avm.de/service/sicherheitsinfos-zu-updates/	?
https://aws.amazon.com/security/vulnerability-reporting/	?
https://azimo.com/en/lp/responsible-disclosure	?
https://basecamp.com/about/policies/security/response	?
https://billogram.zendesk.com/hc/en-us/articles/360011911300-	?
https://binder.works/responsible-disclosure-program/	?
https://bladestorm.zendesk.com/hc/en-us/articles/360010393497-Bug-Bounty-Program	?
https://blinkforhome.com/pages/responsible-disclosure-policy?locale=en	?
https://blockfi.com/security/	?
https://blocksender.io/vulnerability-disclosure-policy/	?
https://blog.airswap.io/airswap-bug-bounty-4d7ec41f3ea7	?
https://blog.aragon.org/aragon-network-bug-bounty/	?
https://blog.getambassador.io/security-in-ambassador-a-risk-based-approach-fd24e364ea84	?
https://blog.limawi.io/en/security-vulnerability-reporting-policy/	?
https://blog.splitwise.com/about/responsible-disclosure-special-thanks/	?
https://bloomscape.com/.well-known/security-policy.html	?
https://bluecanvas.io/report-vulnerability	?
https://boardgamegeek.com/responsible_disclosure_policy	?
https://bounty.decred.org/	?
https://bounty.ethereum.org/	?
https://bounty.github.com/	?
https://bounty.mit.edu/	?
https://bounty.tokopedia.net/rules	?
https://bountyfactory.io/hunter/submit/program/42	?
https://bringyour.com/vdp	?
https://buddy.works/disclosure-policy	?
https://buffer.com/legal#security	?
https://bugbounty.att.com/	?
https://bugbounty.getbase.com/	?
https://bugbounty.linecorp.com/en/	?
https://bugbounty.livesport.eu/docs/Vulnerability%20Disclosure%20Policy.pdf	?
https://bugbounty.paytm.com/	?
https://bugbounty.prezi.com/	?
https://bugbounty.shopify.com	?
https://bugbounty.zoho.com/bb/info#guide	?
https://bugcrowd.com/accellion-public	?
https://bugcrowd.com/acorns	?
https://bugcrowd.com/agilebits	?
https://bugcrowd.com/algorand	?
https://bugcrowd.com/arkose-labs	?
https://bugcrowd.com/arlo	?
https://bugcrowd.com/arlokudos	?
https://bugcrowd.com/aruba-public	?
https://bugcrowd.com/atlassian	?
https://bugcrowd.com/barracuda	?
https://bugcrowd.com/better	?
https://bugcrowd.com/bigbank	?
https://bugcrowd.com/binance	?
https://bugcrowd.com/bitdefender	?
https://bugcrowd.com/bitdefenderbox2	?
https://bugcrowd.com/bitdiscovery	?
https://bugcrowd.com/blend-vdp	?
https://bugcrowd.com/blockport	?
https://bugcrowd.com/bluejeans	?
https://bugcrowd.com/boozt-og	?
https://bugcrowd.com/bugcrowd	?
https://bugcrowd.com/bugpoc-mbb	?
https://bugcrowd.com/caffeine	?
https://bugcrowd.com/centrify	?
https://bugcrowd.com/ciscomeraki	?
https://bugcrowd.com/cloudinary	?
https://bugcrowd.com/cloudways	?
https://bugcrowd.com/concur	?
https://bugcrowd.com/constantcontact	?
https://bugcrowd.com/convertkit-vdp	?
https://bugcrowd.com/creditkarma	?
https://bugcrowd.com/dell-com	?
https://bugcrowd.com/dell-product	?
https://bugcrowd.com/directly	?
https://bugcrowd.com/dropbox/	?
https://bugcrowd.com/eero	?
https://bugcrowd.com/endurance-bluehost	?
https://bugcrowd.com/endurance-builder	?
https://bugcrowd.com/engagements/axis-os-public	?
https://bugcrowd.com/engagements/hemi	?
https://bugcrowd.com/engagements/mattermost-mbb-public	?
https://bugcrowd.com/etsy	?
https://bugcrowd.com/expressvpn	?
https://bugcrowd.com/fca	?
https://bugcrowd.com/fis	?
https://bugcrowd.com/fitbit	?
https://bugcrowd.com/foxycart	?
https://bugcrowd.com/freedomofpress	?
https://bugcrowd.com/gojek	?
https://bugcrowd.com/gusto	?
https://bugcrowd.com/hackme	?
https://bugcrowd.com/healthifyme	?
https://bugcrowd.com/hubspot	?
https://bugcrowd.com/humblebundle	?
https://bugcrowd.com/ibotta	?
https://bugcrowd.com/indeed	?
https://bugcrowd.com/intercom	?
https://bugcrowd.com/invision	?
https://bugcrowd.com/irobot	?
https://bugcrowd.com/jumboprivacy	?
https://bugcrowd.com/keepersecurity	?
https://bugcrowd.com/kennasecurity	?
https://bugcrowd.com/lastpass	?
https://bugcrowd.com/lime	?
https://bugcrowd.com/luno-og	?
https://bugcrowd.com/magicleapcloud	?
https://bugcrowd.com/magicleapdevice	?
https://bugcrowd.com/mailgun	?
https://bugcrowd.com/mastercard	?
https://bugcrowd.com/moneytreekkog	?
https://bugcrowd.com/naspers	?
https://bugcrowd.com/nationalaustraliabankog	?
https://bugcrowd.com/neophotonics	?
https://bugcrowd.com/netgear	?
https://bugcrowd.com/netgearkudos	?
https://bugcrowd.com/octopus-og	?
https://bugcrowd.com/okta	?
https://bugcrowd.com/opsgenie	?
https://bugcrowd.com/optimizely	?
https://bugcrowd.com/overstockvdp	?
https://bugcrowd.com/owaspcrsfguard	?
https://bugcrowd.com/owaspjavaencoder	?
https://bugcrowd.com/owaspjavasanitizer	?
https://bugcrowd.com/owaspzap	?
https://bugcrowd.com/pantheon	?
https://bugcrowd.com/pinterest/	?
https://bugcrowd.com/planethosterinc	?
https://bugcrowd.com/purevpn	?
https://bugcrowd.com/rakuten-vdp	?
https://bugcrowd.com/rapyd	?
https://bugcrowd.com/realself	?
https://bugcrowd.com/redox	?
https://bugcrowd.com/secpoint	?
https://bugcrowd.com/seek	?
https://bugcrowd.com/segment	?
https://bugcrowd.com/skyscanner	?
https://bugcrowd.com/smartthings	?
https://bugcrowd.com/socrata	?
https://bugcrowd.com/sophos	?
https://bugcrowd.com/soundcloud	?
https://bugcrowd.com/spacex	?
https://bugcrowd.com/sproutsocial	?
https://bugcrowd.com/square	?
https://bugcrowd.com/squareopensource	?
https://bugcrowd.com/stackpath	?
https://bugcrowd.com/statuspage	?
https://bugcrowd.com/takeaway	?
https://bugcrowd.com/telefonicavdp	?
https://bugcrowd.com/tesla	?
https://bugcrowd.com/transferwise	?
https://bugcrowd.com/trello	?
https://bugcrowd.com/tripadvisor-vdp	?
https://bugcrowd.com/twilio	?
https://bugcrowd.com/tzero-vdp	?
https://bugcrowd.com/underarmour	?
https://bugcrowd.com/unilever-vdp	?
https://bugcrowd.com/upwork	?
https://bugcrowd.com/usaa	?
https://bugcrowd.com/viator	?
https://bugcrowd.com/vonage	?
https://bugcrowd.com/westernunion	?
https://bugcrowd.com/westjet-disclose	?
https://bugcrowd.com/whmcs	?
https://bugcrowd.com/wpengine	?
https://bugcrowd.com/ynab	?
https://bugcrowd.com/zynga-vdp	?
https://bugify.com/security	?
https://bugs.php.net/report.php?bug_type=Security	?
https://buku.io/en/security/	?
https://business.jtglobal.com/responsible-disclosure/	?
https://c9.io/security	?
https://canon.a.bigcontent.io/v1/static/canon_vdp_program-policy	?
https://captainfact.io/help/bug_report	?
https://careevolution.com/trust/security-research/	?
https://caspar-health.com/rdp/	?
https://cert.at/de/ueber-uns/rfc2350/	?
https://chartio.com/product/responsible-disclosure/	?
https://chocolatey.org/security	?
https://circleci.com/security/	?
https://clamxav.com/.well-known/vulnerability_disclosure_policy.txt	?
https://clause.io/security	?
https://clean.email/vdp	?
https://clenergy.com/de/cyber-security-policy/?lang=en	?
https://cleverly.ai/responsible-disclosure-program/	?
https://clipperz.is/security_privacy/responsible_disclosure_policy/	?
https://cloudcannon.com/bug-bounty/	?
https://clubhouse.io/disclosure/	?
https://cnn.zendesk.com/hc/en-us/articles/115005570566-Responsible-Disclosure-of-Security-Vulnerabilities-	?
https://cobalt.io/security/practices	?
https://codeclimate.com/security	?
https://cofense.com/responsible-disclosure/	?
https://coinapp.zendesk.com/hc/en-us/articles/115001730468-Does-CoinSpace-have-a-bug-bounty-program-	?
https://coinbase.com/whitehat	?
https://coinsbit.io/ru/privacy-policy	?
https://commonsware.com/bounty.html	?
https://community.sonarsource.com/t/responsible-vulnerability-disclosure/9317	?
https://company.mindbodyonline.com/security/responsible-disclosure	?
https://computing.fnal.gov/cybersecurity/vulnerability-disclosure-policy/	?
https://connect.finleap.com/responsible-disclosure-statement/	?
https://contact.security.aol.com/	?
https://coreos.com/security/disclosure/	?
https://corp.shapeshift.io/responsible-disclosure-program/	?
https://corporate.walmart.com/article/responsible-disclosure-policy	?
https://corporate.walmart.com/privacy-security	?
https://count.ly/.well-known/security.txt	?
https://cozy.co/security-and-privacy/	?
https://cpanel.net/cpanel-security-bounty-program/	?
https://cr.yp.to/qmail/guarantee.html	?
https://crashtest-security.com/responsible-disclosure/	?
https://csirt.cesnet.cz/en/vulnerability_report	?
https://customer.io/legal/reporting-vulnerability/	?
https://customerinsight.ca/CI/security-statement/	?
https://cybermarqt.com/responsible-disclosure	?
https://cybersecurity.att.com/documentation/usm-appliance/system-overview/how-to-submit-a-security-issue-to-alienvault.htm	?
https://cybersecurity.bd.com/vulnerability-disclosures	?
https://danskebank.com/responsible-disclosure	?
https://debricked.com/report-a-vulnerability/	?
https://definityinc.com/bug-bounty-program/	?
https://democracylive.com/disclosure-policy/	?
https://dennisbabkin.com/security/	?
https://detectify.com/responsible-disclosure	?
https://dev.zilliqa.com/docs/contributors/contribute-bug-bounty/	?
https://developer.apple.com/security-bounty/	?
https://developer.arm.com/support/arm-security-updates/report-security-vulnerabilities	?
https://developer.farm.bot/docs/responsible-disclosure-of-security-vulnerabilities	?
https://developer.joomla.org/security.html	?
https://developers.paymentsos.com/docs/disclosure-policy.html	?
https://developers.paymill.com/guides/security/security-standards	?
https://developers.rsk.co/contribute/bug-bounty-program/	?
https://df.eu/whitehat/policy	?
https://digitalhealthcompliance.com/disclosure-en/	?
https://discover.responsibledisclosure.com/hc/en-us	?
https://dmoj.ca/security/	?
https://dnsimple.com/security	?
https://docs.0x.org/developer-resources/bounties	?
https://docs.across.to/v/developer-docs/additional-info/bug-bounty	?
https://docs.appsmith.com/product/security	?
https://docs.bugsnag.com/security/responsible-disclosure/	?
https://docs.elmah.io/vulnerability-disclosure-program/	?
https://docs.ens.domains/bug-bounty-program	?
https://docs.floor.xyz/v/en/protocol/bug-bounty	?
https://docs.frax.finance/smart-contracts/miscellaneous	?
https://docs.gitcoin.co/mk_securitybounty/	?
https://docs.google.com/document/d/1uONlnLYC55398Y2EfyIJu5jRzf4qGa3tJvKlXfLp9MY/view	?
https://docs.google.com/document/d/e/2PACX-1vQnpwaSmghgwwepiui4dqNw3S2LslBM1woAYaTuX6q9KenJ2zAgBpBPivdC8sQs2Gy-FKKuxWJLYwIz/pub	?
https://docs.google.com/document/d/e/2PACX-1vQwtwixwk3TzxDEkmLc0NJnEH_u_SJ0FlHX5tFGldG3tK37k4SLeeOc8yFPIc73iMELb3F80z1SOZU4/pub	?
https://docs.hasbro.com/upload/legal/responsible_disclosure_2020.pdf	?
https://docs.moodle.org/dev/Moodle_security_procedures	?
https://docs.multichain.org/security/bug-bounty	?
https://docs.repl.it/misc/security	?
https://docs.rollbar.com/docs/responsible-disclosure-policy	?
https://docs.silverstripe.org/en/contributing/release_process/#security-releases	?
https://docs.szns.io/smart-contracts/bug-bounty	?
https://docs.weblate.org/en/latest/contributing/issues.html#security	?
https://documents.marketo.com/legal/notices/responsible-disclosure-policy.pdf	?
https://dominos.responsibledisclosure.com/hc/en-us	?
https://donjon.ledger.com/bounty/	?
https://dragonex.zendesk.com/hc/en-us/articles/360036938832-BUG-Bounty-Program	?
https://drexel.edu/it/security/services-processes/bug-bounty/	?
https://droom.in/bugbounty	?
https://duo.com/support/security-and-reliability/security-response	?
https://ea-foundation.org/security-policy/	?
https://easyshotel.com/vulnerability-disclosure-policy	?
https://eggy.com.au/vulnerability-disclosure/	?
https://electroneek.com/disclosure-policy/	?
https://eligible.com/responsible_disclosure_program	?
https://emberjs.com/security/	?
https://en.altervista.org/feedback.php?who=feedback	?
https://en.datocapital.com/report-security-issue.html	?
https://en.internetwache.org/security/	?
https://en.outscale.com/reporting-vulnerabilities/	?
https://enj.in/security	?
https://etherscan.io/bugbounty	?
https://eurid.eu/lv/other-infomation/eurid-responsible-disclosure-policy/	?
https://eventespresso.com/report-a-security-vulnerability/	?
https://evernote.com/security/report-issue	?
https://explore.researchgate.net/display/support/Security+and+vulnerability	?
https://faq.active24.com/cz/933388-Hl%C3%A1%C5%A1en%C3%AD-bezpe%C4%8Dnostn%C3%ADch-zranitelnost%C3%AD	?
https://favordelivery.com/security	?
https://federacy.com/knowyourteam	?
https://federacy.com/sylaps	?
https://ferm-rotterdam.nl/nl/responsible-disclosure-statement	?
https://firebounty.com/520-bitwall-security	?
https://flo.health/responsible-vulnerability-disclosure-program	?
https://flow.com/flow-responsible-disclosure	?
https://flowcrypt.com/docs/technical/bug-bounty.html	?
https://fontys.edu/About-Fontys-4/Responsible-disclosure.htm	?
https://fortiguard.com/zeroday/responsible-disclosure	?
https://foursquare.com/about/security	?
https://free.law/vulnerability-disclosure-policy/	?
https://fuga.cloud/responsible-disclosure-policy/	?
https://fullstory.responsibledisclosure.com/hc/en-us	?
https://fury.co/security	?
https://fusionfabriccloud.responsibledisclosure.com/hc/en-us	?
https://g.co/vrp	?
https://garofalo.zendesk.com/hc/en-us/articles/360034129952-Report-Site-Vulnerabilities	?
https://gay.capital/docs/bugbounty	?
https://gcore.com/bug-bounty-program/	?
https://getdpd.com/security/	?
https://gexsi.com/about/en/privacy-policy/	?
https://ghostscript.com/Bug_bounty_program.html	?
https://ghuntley.com/security/	?
https://github.com/18F/vulnerability-disclosure-policy/blob/master/vulnerability-disclosure-policy.md	?
https://github.com/BTCGPU/Developer-Portal/blob/master/responsible-disclosure.md	?
https://github.com/Proof-Of-Humanity/Proof-Of-Humanity/issues/54	?
https://github.com/TryGhost/Ghost/blob/master/SECURITY.md	?
https://github.com/bitcoin/bitcoin/security/policy	?
https://github.com/electron/electron/blob/main/SECURITY.md	?
https://github.com/envoyproxy/envoy/blob/main/SECURITY.md	?
https://github.com/flashbots/mev-boost/blob/main/SECURITY.md	?
https://github.com/gradle/.github/blob/master/SECURITY.md	?
https://github.com/grafana/bugbounty	?
https://github.com/grpc/proposal/blob/master/P4-grpc-cve-process.md	?
https://github.com/iotaledger/iota-java/blob/dev/.github/SECURITY.md	?
https://github.com/ipfs/go-ipfs#security-issues	?
https://github.com/mastodon/mastodon/security/policy	?
https://github.com/solana-labs/solana/security/policy	?
https://github.com/supabase/supabase/security	?
https://github.com/vyperlang/vyper/security/policy	?
https://github.com/webtorrent/webtorrent/security/policy	?
https://gizlilik-ilkeleri.hesaplama.net/	?
https://global.bose.com/en_us/product_security_vulnerability_response.html	?
https://global.com/bug-bounty-policy/	?
https://gocardless.com/faq/merchants/security/	?
https://goodwillnne.org/privacy/	?
https://grofers.com/bug-bounty	?
https://groklearning.com/policies/security/	?
https://group.jumia.com/security/	?
https://group.renault.com/en/vulnerability-disclosure-policy/	?
https://guide.kusama.network/docs/en/kusama-bug-bounty	?
https://hackchecks.in/responsible-disclosure/	?
https://hackerone.com/airbnb	?
https://hackerone.com/airtable	?
https://hackerone.com/algolia	?
https://hackerone.com/allegro	?
https://hackerone.com/allegro?view_policy=true	?
https://hackerone.com/amazonvrp	?
https://hackerone.com/amitree_inc	?
https://hackerone.com/arkadiyt-projects	?
https://hackerone.com/automattic?type=team	?
https://hackerone.com/badoo	?
https://hackerone.com/brave?view_policy=true	?
https://hackerone.com/casper	?
https://hackerone.com/chainlink	?
https://hackerone.com/clario	?
https://hackerone.com/copper	?
https://hackerone.com/cpaperless	?
https://hackerone.com/curl	?
https://hackerone.com/defectdojo	?
https://hackerone.com/deptofdefense	?
https://hackerone.com/dfuse	?
https://hackerone.com/discourse	?
https://hackerone.com/dpdgroup_uk	?
https://hackerone.com/dropbox/	?
https://hackerone.com/duckduckgo	?
https://hackerone.com/ecobee	?
https://hackerone.com/equifax	?
https://hackerone.com/exness	?
https://hackerone.com/files	?
https://hackerone.com/filezilla_h1c	?
https://hackerone.com/ford	?
https://hackerone.com/forescout_technologies	?
https://hackerone.com/gener8	?
https://hackerone.com/gm	?
https://hackerone.com/grab	?
https://hackerone.com/grammarly	?
https://hackerone.com/hyatt	?
https://hackerone.com/ibb-squid-cache	?
https://hackerone.com/ibm	?
https://hackerone.com/iconloop_inc	?
https://hackerone.com/inditex	?
https://hackerone.com/indrive	?
https://hackerone.com/innogames	?
https://hackerone.com/john_lewis	?
https://hackerone.com/kadince	?
https://hackerone.com/kindred_group	?
https://hackerone.com/liberapay	?
https://hackerone.com/libra	?
https://hackerone.com/linode	?
https://hackerone.com/livestream	?
https://hackerone.com/lob	?
https://hackerone.com/magento	?
https://hackerone.com/makerdao_bbp	?
https://hackerone.com/marriott	?
https://hackerone.com/mtn_group	?
https://hackerone.com/ncsc_uk	?
https://hackerone.com/nhscovid19app	?
https://hackerone.com/nori_e1xxl?view_policy=true	?
https://hackerone.com/notepad-plus-plus	?
https://hackerone.com/omise	?
https://hackerone.com/paypal?view_policy=true	?
https://hackerone.com/pfizer	?
https://hackerone.com/postmates	?
https://hackerone.com/priceline	?
https://hackerone.com/quantopian	?
https://hackerone.com/refereum	?
https://hackerone.com/roche?view_policy=true	?
https://hackerone.com/savedroid	?
https://hackerone.com/semmle	?
https://hackerone.com/shieldox_security	?
https://hackerone.com/six-group	?
https://hackerone.com/smartsheet	?
https://hackerone.com/solidus	?
https://hackerone.com/starling_bank	?
https://hackerone.com/sweatco_ltd	?
https://hackerone.com/tomtom	?
https://hackerone.com/trint	?
https://hackerone.com/trustpilot	?
https://hackerone.com/tube8	?
https://hackerone.com/ui	?
https://hackerone.com/uipath	?
https://hackerone.com/uma_project	?
https://hackerone.com/upgrade	?
https://hackerone.com/verizonmedia?view_policy=true	?
https://hackerone.com/vhx	?
https://hackerone.com/vimeo	?
https://hackerone.com/vivy	?
https://hackerone.com/wakatime?type=team	?
https://hackerone.com/xilinx	?
https://hackerone.com/zeit	?
https://harvestdp.com/security-research-policy	?
https://hcahealthcare.com/legal/index.dot#responsible-disclosure	?
https://help.blackboard.com/Product_Security	?
https://help.dozuki.com/Info/Responsible_Disclosure	?
https://help.ftx.com/hc/en-us/articles/360031171351	?
https://help.medium.com/hc/en-us/articles/213481308-Bug-Bounty-Disclosure-Program	?
https://help.netflix.com/en/node/6657	?
https://help.nytimes.com/hc/en-us/articles/360051392052-Vulnerability-Disclosure-Policy	?
https://help.redbubble.com/hc/en-us/articles/214531243-Report-a-Website-Security-Vulnerability	?
https://help.selz.com/article/217-security-escalation	?
https://help.smartling.com/hc/en-us/articles/360008147833-Bug-Bounty-Policy	?
https://help.thumbtack.com/article/responsible-disclosure-policy	?
https://help.typeform.com/hc/en-us/articles/360029314532-How-to-report-a-security-vulnerability-to-Typeform	?
https://help.vyond.com/hc/en-us/articles/360000497723-How-do-I-Report-a-Security-Vulnerability-	?
https://helpx.adobe.com/security/alertus.html	?
https://hiddenlayer.com/vulnerability-disclosure-policy/	?
https://hitbtc.com/bug-report	?
https://hiverhq.com/disclosure	?
https://home.bluesnap.com/security-bounty/	?
https://honest.co.id/vulnerability-disclosure-policy	?
https://hootsuite.com/security/response	?
https://hunter.io/security-bounty-program	?
https://iem.com/privacy/responsible-vulnerability-disclosure-guidelines/	?
https://illumio.responsibledisclosure.com/hc/en-us	?
https://ilumy.com/cases/responsible-disclosure	?
https://immutablesoft.github.io/ImmutableEcosystem/	?
https://info.nrk.no/hjem/responsible-disclosure-policy/	?
https://informatiebeveiliging.nl/	?
https://infosys.beckhoff.com/english.php?content=../content/1033/ipc_security/9007202382327691.html&id=	?
https://infstones.com/blog/education/introducing-the-blocguardians-bug-bounty-program-654e723bd9afaf003e44fdea	?
https://intercom.help/cobu/en/articles/4342104-member-agreement	?
https://intl.betternow.org/security	?
https://ipaidthat.io/en/faq/safety/vulnerability-disclosure-program/	?
https://ironcorelabs.com/trust-center/bug-bounty-program	?
https://issa.org.pl/it/dokumenty/polityka-prywatnosci	?
https://issuu.com/responsible-disclosure	?
https://iterable.com/trust/responsible-disclosure-policy/	?
https://iwalton.com/legal.html	?
https://jackaldao.medium.com/announcement-jackal-bug-bounty-program-31d4e03ab7e2	?
https://jd-services.eu/vdp/	?
https://joyus.zendesk.com/hc/en-us/articles/115005402923-Responsible-Disclosure-of-Security-Vulnerabilities-	?
https://jumbointeractive.com/security-reporting	?
https://jumpcloud.com/vulnerability-disclosure-policy	?
https://jumplead.com/about/security	?
https://karbonhq.com/security/vulnerability-disclosure	?
https://keminglabs.com/security_disclosure/	?
https://kfc.responsibledisclosure.com/hc/en-us	?
https://kinde.com/docs/important-information/vulnerability-disclosure-policy/	?
https://kissflow.com/responsible-disclosure/	?
https://kissinvestments.com/responsible-disclosure/	?
https://krisp.ai/security/	?
https://kubernetes.io/security	?
https://kylaconnect.com/vulnerability-disclosure-policy/	?
https://labs.f-secure.com/vulnerability-disclosure-policy/	?
https://layerzero.gitbook.io/docs/bug-bounty/bug-bounty-program	?
https://leantime.io/responsible-disclosure-policy/	?
https://leetcode.com/bugbounty/	?
https://letsbuild.com/responsible-disclosure	?
https://lichess.org/contact#help-security	?
https://lisk.io/bug-bounty-program	?
https://loans.cashconverters.co.nz/security-policy	?
https://logentries.com/doc/security/	?
https://looker.com/product/security/disclosure	?
https://lovenamepix.com/privacy.php	?
https://lumindigital.com/security/	?
https://macabacus.com/vdp	?
https://mailchimp.com/about/security/	?
https://mailclark.ai/vdp	?
https://mailstrom.co/vdp	?
https://mailtrack.io/en/responsible-vulnerability	?
https://managewp.com/white-hat-reward	?
https://mariadb.com/security	?
https://mariadb.org/about/#security-policy	?
https://marvelapp.com/security/	?
https://mckinsey.responsibledisclosure.com/hc/en-us	?
https://medical.olympusamerica.com/customer-resources/product-security	?
https://medium.com/chainrift/chainrift-launches-bug-bounty-program-6255eb2d518d	?
https://medium.com/the-os-university-blog/os-university-smart-contracts-are-live-edu-token-bug-bounty-reward-awaits-you-27c1de006249	?
https://meetfabric.com/legal/security-policy	?
https://mega.co.nz/#blog_6	?
https://members.medisao.com/vulnerability_disclosure/	?
https://metrics.librato.com/vulnerability	?
https://microweber.com/become-contributor	?
https://mikrotik.com/support	?
https://mimosa.co/legal/vulnerability	?
https://mindtouch.com/disclosure	?
https://mn.gov/mnit/about-mnit/security/securing-the-state/vulnerability-disclosure-program.jsp	?
https://mojdigital.blog.gov.uk/vulnerability-disclosure-policy/	?
https://monarx.zendesk.com/hc/en-us/articles/360040111711-Responsible-Disclosure	?
https://morganstanley.responsibledisclosure.com/hc/en-us	?
https://moviexchange.com/responsible-disclosure-policy/	?
https://mujs.com/security.html	?
https://mx.com/security-policy	?
https://my.xfinity.com/vulnerabilityreport	?
https://mybb.com/get-involved/security/	?
https://myemma.com/trust/report-a-vulnerability/	?
https://namshi.com/security	?
https://nasdaq.responsibledisclosure.com/hc/en-us	?
https://navcoin.org/en/responsible-disclosure	?
https://navolnenoze.cz/o-nas/soukromi/	?
https://navyfederal.responsibledisclosure.com/hc/en-us	?
https://nbxsupport.zendesk.com/hc/en-us/articles/360044264592-NBX-Responsible-Disclosure-Policy	?
https://needabreak.com/responsible-disclosure-policy/	?
https://new.siemens.com/global/en/products/services/cert/vulnerability-process.html	?
https://nginx.org/en/security_advisories.html	?
https://nodejs.org/en/security/	?
https://nov.responsibledisclosure.com/hc/en-us	?
https://nowpayments.io/doc/NOWPayments_BugBounty_program.pdf	?
https://observu.com/security.php	?
https://octo.dc.gov/publication/responsible-disclosure-policy	?
https://octo.dc.gov/sites/default/files/dc/sites/octo/publication/attachments/Responsible%20Disclosure%20Policy%20.pdf	?
https://omtv2.tv2.dk/media/126365/tv_2_responsible_disclosure.pdf	?
https://on2it.net/responsible-disclosure/	?
https://oneiroi.co.uk/.well-known/policy.txt	?
https://onfo.zendesk.com/hc/en-us/articles/360025769031-Bug-Bounty-Program	?
https://online.citi.com/US/JRS/pands/detail.do?ID=ReportingVulnerability	?
https://orgnostic.com/vulnerability-disclosure	?
https://orionhealth.com/us/support/responsible-disclosure/	?
https://outpost24.com/policies/responsible-disclosure	?
https://oviva.com/uk/en/security/	?
https://pages.ebay.com/securitycenter/security_researchers.html	?
https://panzura.com/support/panzura-security-policy/	?
https://parkhub.com/policy.txt	?
https://partnerize.com/en/responsible-disclosure?q=%2Fen%2Fresponsible-disclosure	?
https://pathao.com/bug-bounty/	?
https://payboy.biz/security	?
https://payhawk.com/security/disclosure	?
https://pellustro.com/responsible-disclosure-policy/	?
https://people.ai/security/reporting/	?
https://personal.rbs.co.uk/personal/security-centre/responsible-disclosure.html	?
https://phas.ubc.ca/.well-known/security-policy.html	?
https://pixelbar.nl/responsibledisclosure/	?
https://pizzahut.responsibledisclosure.com/hc/en-us	?
https://platform.sh/tos/#section-10-disclosures-and-notices	?
https://platform161.com/responsible-disclosure/	?
https://plisio.net/bug-bounty	?
https://policylibrary.gatech.edu/information-technology/responsible-disclosure-policy	?
https://polypoly.net/en/security/vdp/	?
https://postmarkapp.com/support/article/779-responsible-disclosure-policy	?
https://protonmail.com/blog/protonmail-bug-bounty-program/	?
https://protonmail.com/blog/responsible-vulnerability-disclosure/	?
https://psirt.bosch.com/bosch-responsible-disclosure-policy/	?
https://puppet.com/blog/responsible-disclosure-of-security-vulnerabilities	?
https://puppet.com/security	?
https://purple.ai/responsible-disclosure/	?
https://pushcrew.com/security-compliance/responsible-disclosure-policy/	?
https://pushfor.com/bug-bounty/	?
https://pushpushgo.com/en/pages/bug-bounty/	?
https://pyrus.com/en/vulnerability-reporting	?
https://qtrade.io/bug_bounty	?
https://quantstamp.com/legal/responsible-disclosure	?
https://quibi.com/privacy-policy	?
https://raidboxes.io/vulnerability-disclosure-program/	?
https://razorpay.com/responsible-disclosure/	?
https://realpython.com/security/	?
https://reclaim.ai/responsible-disclosure	?
https://recruitcrm.io/legal/rcrm-vulnerability-disclosure-program	?
https://recruitee.com/en/vulnerability	?
https://registry.internetnz.nz/about/vulnerability-disclosure-policy/	?
https://reportgarden.com/responsible-disclosure/	?
https://responsibledisclosure.jpmorganchase.com/hc/en-us	?
https://revizto.com/csp	?
https://rewind.com/legal/vulnerability-disclosure-policy/	?
https://ripple.com/bug-bounty/	?
https://roadie.io/security/responsible-disclosure/	?
https://robocorp.com/.well-known/responsible-disclosure-policy.html	?
https://rocket.chat/docs/contributing/security/responsible-disclosure-policy/	?
https://rockset.com/legal/responsible-disclosure-policy/	?
https://rotterdamuas.com/security/	?
https://rubrik.responsibledisclosure.com/hc/en-us	?
https://safesendreturns.zendesk.com/hc/en-us/articles/360049940054-Information-Security-Overview	?
https://sailsjs.com/security	?
https://salesflare.com/vdp	?
https://salesloft.com/vulnerability-disclosure-program/	?
https://samsungtvbounty.com/ReportBug.aspx	?
https://saymine.com/vulnerability-disclosure	?
https://sciex.com/product-security/coordinated-vulnerabilities-disclosure-policy	?
https://scrapinghub.com/responsible-disclosure-policy/	?
https://scroll.help/en/articles/3344853-does-scroll-have-a-bug-bounty-or-responsible-disclosure-program	?
https://scvotes.gov/vulnerability-disclosure-program	?
https://secrethub.io/security	?
https://secrethub.io/security/responsible-disclosure/	?
https://securepractice.co/support	?
https://securiti.ai/security/	?
https://security.123formbuilder.com	?
https://security.alibaba.com/	?
https://security.bytedance.com/media/score-standard/Vulnerability_Rewards_Program.pdf	?
https://security.dji.com/policy?lang=en_US	?
https://security.dracoon.com	?
https://security.duke.edu/policies/responsible-disclosure	?
https://security.filecoin.io/bug-bounty/	?
https://security.gallagher.com/en/Responsible-Disclosure-Policy	?
https://security.kiteworks.com	?
https://security.linkedin.com/vulnerabilty-disclosure	?
https://security.midas.network/reporting	?
https://security.netapp.com/contact/	?
https://security.oneplus.com/noticedetails.html?noticeId=20191565338585128	?
https://security.openstack.org/#how-to-report-security-issues-to-openstack	?
https://security.opera.com/report-security-issue/	?
https://security.owncloud.com	?
https://security.patrocinium.com/	?
https://security.remitano.com/	?
https://security.samsungmobile.com/securityReporting.smsb	?
https://security.target.com/vdp/	?
https://security.zivver.com/p/Policy	?
https://securityadvisories.paloaltonetworks.com/Report	?
https://securityreport.samsung.com	?
https://sellfy.com/security/	?
https://sense.com/vulnerability.html	?
https://sentry.io/security/	?
https://sharktech.net/responsible-disclosure-policy/	?
https://shiftcrypto.ch/policies/bug-bounty-policy/	?
https://shop.msv.com/About/Legal	?
https://signup.com/responsible-disclosure-policy	?
https://silvergoldbull.com/bug-bounty/	?
https://skiff.com/vdp	?
https://skilledhub.com/responsible-disclosure-policy/	?
https://skylight.digital/company/policies/vulnerability-disclosure/	?
https://skytv.custhelp.com/app/answers/detail/a_id/1797/~/responsible-disclosure-guidelines	?
https://slack.com/report-vulnerability	?
https://snyk.io/docs/security	?
https://sociality.io/security/#responsible-disclosure	?
https://sportsa.com/policies/	?
https://src.tcl.com/	?
https://stackexchange.com/about/security	?
https://staked.us/bug-bounty/	?
https://standup-and-prosper.com/app/#/disclosure	?
https://stripe.com/docs/security/stripe	?
https://studo.com/at/security	?
https://substack.com/vulnerability-disclosure	?
https://success.coupa.com/Trust/Security_Policies/02_Vulnerability_Reporting_Policy	?
https://success.trendmicro.com/vulnerability-response	?
https://support.beanstalkapp.com/article/890-responsible-disclosure-policy	?
https://support.bitpay.com/hc/en-us/articles/204229369-Does-BitPay-have-a-bug-bounty-program-	?
https://support.brandcast.com/en/articles/990526-security-disclosure	?
https://support.code42.com/hc/en-us/articles/14827695756439-Report-a-security-vulnerability-to-Code42	?
https://support.f5.com/csp/article/K4602	?
https://support.geckoboard.com/hc/en-us/articles/115007061468-Responsible-Disclosure-Policy	?
https://support.getcloudapp.com/article/260-responsible-disclosure-report-found-vulnerabilities	?
https://support.guilded.gg/hc/en-us/articles/360039728333-Contact	?
https://support.iconfinder.com/en/articles/18178-responsible-disclosure-of-security-vulnerabilities	?
https://support.kaspersky.com/vulnerability	?
https://support.newdex.net/hc/en-us/articles/360046715092-Defibox-launches-bug-bounty-program-officially	?
https://support.oneidentity.com/contact-us/report-security-vulnerability	?
https://support.plex.tv/articles/reporting-security-issues/	?
https://support.polycom.com/content/dam/polycom-support/global/documentation/product-vulnerability-disclosure-policy.pdf	?
https://support.quest.com/contact-us/report-security-vulnerability	?
https://support.recurly.com/hc/en-us/articles/360024300812-Does-Recurly-have-a-bug-bounty-program-	?
https://support.signal.org/hc/en-us/articles/360007320791-How-can-I-report-a-security-vulnerability-	?
https://support.snyk.io/hc/en-us/articles/360005918418-Snyk-vulnerability-disclosure-program	?
https://support.sphero.com/article/5drs94lhk5-vulnerability-disclosure-program	?
https://support.stackla.com/hc/en-us/articles/115005937887-Reporting-a-possible-security-vulnerability-to-Stackla	?
https://support.sugarcrm.com/Resources/Security/Bug_Bounty_Program/	?
https://support.udemy.com/hc/en-us/articles/229232627-Report-a-Security-Vulnerability	?
https://swiftype.com/security	?
https://synack.responsibledisclosure.com/hc/en-us	?
https://syncthing.net/security/	?
https://tacobell.responsibledisclosure.com/hc/en-us	?
https://talentwall.io/responsible-disclosure/	?
https://tapatalk.com/security.php	?
https://tealium.com/vdp/	?
https://technet.microsoft.com/en-us/security/dn800983	?
https://telegram.org/faq#q-what-if-my-hacker-friend-says-they-could-decipher-telegram-mes	?
https://termius.com/responsible-disclosure	?
https://tezos.foundation/security	?
https://tezos.foundation/security/	?
https://tiaa.responsibledisclosure.com/hc/en-us	?
https://ticketcounter.eu/security/	?
https://tidelift.com/docs/security	?
https://tjhsst.edu/security/policy.txt	?
https://tls.mbed.org/bug-bounty-program	?
https://tls.mbed.org/c-library-bug-bounty-program	?
https://tools.cisco.com/security/center/resources/security_vulnerability_policy.html	?
https://transloadit.com/security/	?
https://trevel.com/responsibledisclosure	?
https://trezor.io/security/	?
https://tritarget.org/static/Privacy%2520Policy.html	?
https://tron.network/findBug	?
https://trust.salesforce.com/en/security/responsible-disclosure-policy/	?
https://trust.visier.com/responsible-disclosure/	?
https://tryhackme.com/terms	?
https://tumblr.zendesk.com/hc/en-us/articles/234583348-Bug-Bounty-Program	?
https://tvprofil.com/privacy/	?
https://twintechsolutions.in/security-research/vulnerability-disclosure/	?
https://tyle.io/info/privacy	?
https://typo3.org/teams/security/	?
https://ubuntu.com/security/disclosure-policy	?
https://ui.com/security/	?
https://uit.stanford.edu/security/report-incident	?
https://umbraco.com/products/umbraco-cms/security/	?
https://unisynvoting.com/wp-content/uploads/2020/08/Unisyn-Vulnerability-Disclosure_Policy_V-1.0_8.14.2020.pdf	?
https://unite.un.org/content/hall-fame	?
https://unity3d.com/fr/security	?
https://unloq.io/security	?
https://upscope.io/security/bug-bounty/	?
https://upserve.com/security/	?
https://usa.visa.com/about-visa/vulnerability-disclosure.html	?
https://varomoney.responsibledisclosure.com/hc/en-us	?
https://vista.co/responsible-disclosure-policy/	?
https://voicethread.com/howto/category/security-faq/	?
https://voteidaho.gov/vulnerability-disclosure-policy/	?
https://vpnarea.com/front/home/bugbounty	?
https://vuls.cert.org/confluence/display/Wiki/Vulnerability+Disclosure+Policy	?
https://wagwalking.com/responsible-disclosure	?
https://walletconnect.com/.well-known/security.txt	?
https://we.letgo.com/responsible-disclosure-policy	?
https://wearsafe.com/wearsafe-vulnerability-disclosure-policy/	?
https://web3.foundation/security-report/	?
https://webfiles.dti.delaware.gov/pdfs/pp/Vulnerability%20Disclosure%20Policy.pdf	?
https://webuild.envato.com/helpful-hacker/	?
https://wedbio.com/report-incident	?
https://wetransfer.com/legal/disclosure	?
https://wevpn.com/responsible-disclosure	?
https://whatbox.ca/policies/security	?
https://whooing.com/info/privacy	?
https://wickr.com/security/bug-bounty/	?
https://wiki.asterisk.org/wiki/display/AST/Asterisk+Bug+Bounties	?
https://wiki.scn.sap.com/wiki/display/PSR/Disclosure+Guidelines+for+SAP+Security+Advisories	?
https://wiki.zimbra.com/wiki/Zimbra_Responsible_Disclosure_Policy	?
https://woodpecker.co/vulnerability-disclosure-program/	?
https://wordpress.org/about/security/	?
https://worldline.com/en/home/responsible-disclosure-program.html	?
https://ww2.glance.net/privacy-policy/	?
https://www.23andme.com/security-report/	?
https://www.24sessions.com/responsible-disclosure	?
https://www.3ds.com/vulnerability-reporting/	?
https://www.3gpp.org/coordinated-vulnerability-disclosure-cvd	?
https://www.4chan.org/security	?
https://www.84codes.com/security/	?
https://www.98point6.com/responsible-disclosure-policy/	?
https://www.abb.com/cybersecurity	?
https://www.abbott.com/policies/cybersecurity/cybersecurity-coordinated-product-disclosure.html	?
https://www.abmc.gov/vulnerability-disclosure-policy	?
https://www.abnamro.nl/en/personal/overabnamro/secure-banking/responsible-disclosure.html	?
https://www.accenture.com/us-en/about/company/accenture-responsible-disclosure	?
https://www.access-board.gov/vulnerability-disclosure-policy	?
https://www.accredible.com/white_hat/	?
https://www.achmea.nl/en/responsibledisclosure	?
https://www.acquia.com/solutions/security	?
https://www.actility.com/security/	?
https://www.adafruit.com/reportingsecurityissues	?
https://www.adaware.com/privacy-policy	?
https://www.adex.network/security-policy.txt	?
https://www.adp.com/about-adp/data-security.aspx	?
https://www.adyen.help/hc/en-us/articles/115001187330-How-do-I-report-a-possible-security-issue-to-Adyen	?
https://www.agsairports.co.uk/report-a-vulnerability/	?
https://www.aholddelhaize.com/en/security/	?
https://www.aims360.com/vulnerability-responses/	?
https://www.airmap.com/responsible-disclosure-policy/	?
https://www.airmiles.nl/responsible-disclosure	?
https://www.airmilesshop.nl/responsible-disclosure	?
https://www.airship.com/legal/full-disclosure-security-policy/	?
https://www.al-enterprise.com/en/support/security-advisories	?
https://www.alaskaair.com/content/about-us/site-info/report-site-security-issues	?
https://www.alcyon.nl/responsible-disclosure/	?
https://www.aldolat.it/info/privacy-policy/	?
https://www.aliter.com/vulnerability-disclosure-policy/	?
https://www.altilly.com/page/security	?
https://www.alwaysdata.com/en/bug-bounty/	?
https://www.amd.com/en/corporate/product-security-incident-response-team	?
https://www.americanexpress.com/us/security-center/cybersecurity.html	?
https://www.amocrm.com/vulnerability-disclosure-program/	?
https://www.amr.net/site/privacy-policy	?
https://www.analog.com/en/support/technical-support/product-security-response-center/vulnerability-disclosure-policy.html	?
https://www.anomali.com/security	?
https://www.apache.org/security/	?
https://www.apnic.net/community/security/apnic-vulnerability-reporting-program/	?
https://www.apparmor.com/About/Security/Disclosure/	?
https://www.appcelerator.com/responsible-disclosure-of-security-vulnerabilities/	?
https://www.appoptics.com/security	?
https://www.apptentive.com/contact	?
https://www.aptible.com/legal/responsible-disclosure	?
https://www.aquasec.com/trust/security/responsible-disclosure-program/	?
https://www.arduino.cc/en/Main/Security	?
https://www.arts.gov/vulnerability-disclosure-policy	?
https://www.artsy.net/security	?
https://www.arup.com/Reporting-Policy.pdf	?
https://www.ashbyhq.com/resources/vulnerability-disclosure	?
https://www.asus.com/Static_WebPage/ASUS-Product-Security-Advisory/	?
https://www.atlassian.com/trust/security/report-a-vulnerability	?
https://www.audi.de/de/brand/de/kontakt-und-haendler.html#layer=/de/brand/de/neuwagen/layer/kontakt-audi-cyber-security.html	?
https://www.autodesk.com/trust/incident-response	?
https://www.automox.com/security/responsible-disclosure	?
https://www.auvik.com/disclosure-policy.html	?
https://www.avalara.com/us/en/legal/responsible-disclosure.html	?
https://www.avanade.com/en/about-avanade/approach/trust-center/responsible-disclosure	?
https://www.avanza.se/sakerhet-villkor/sakerhet.html	?
https://www.avast.com/bug-bounty	?
https://www.avesnetsec.com/security	?
https://www.avg.com/en-ww/security	?
https://www.avira.com/en/support-vulnerability	?
https://www.axiomsl.com/responsible-disclosure/	?
https://www.axisbank.com/docs/default-source/default-document-library/responsible-disclosure-policy.pdf	?
https://www.axon.com/penetration-testing--vulnerability-disclosure	?
https://www.ayersrockresort.com.au/terms-and-conditions/security	?
https://www.babylonhealth.com/us/responsible-disclosure-policy	?
https://www.backblaze.com/security.html	?
https://www.bakerdonelson.com/responsibledisclosure	?
https://www.bankid.com/disclosure	?
https://www.bankid.com/en/disclosure	?
https://www.bankofamerica.com/security-center/report-suspicious-communications/	?
https://www.banksa.com.au/online-services/security-centre/responsible-disclosure	?
https://www.barco.com/en/about-barco/legal/responsible-disclosure	?
https://www.basf.com/global/en/legal/responsible-disclosure-statement.html	?
https://www.basware.com/en-en/footer/responsible-disclosure/	?
https://www.baxter.com/product-security	?
https://www.bazaarvoice.com/legal/vulnerability-disclosure-policy/	?
https://www.bbc.com/backstage/security-disclosure-policy/	?
https://www.beckmancoulter.com/en/about-beckman-coulter/product-security	?
https://www.belkin.com/us/security/	?
https://www.bentley.com/legal/bug-bounty-report/	?
https://www.bestbuy.com/site/help-topics/responsible-disclosure/pcmcat1584549036018.c?id=pcmcat1584549036018	?
https://www.beyondsecurity.com/ssd.html	?
https://www.beyondtrust.com/disclosure	?
https://www.bill.com/security	?
https://www.bishopfox.com/vulnerability-disclosure-policy/	?
https://www.bitcoin.de/en/bug-bounty	?
https://www.bitdefender.com/bitdefender_vulnerability_disclosure_program.html	?
https://www.bitgo.com/bug-bounty	?
https://www.bitmex.com/app/security	?
https://www.bitski.com/bounty/	?
https://www.bitsoffreedom.nl/coordinated-vulnerability-disclosure-en/	?
https://www.bitwala.com/security/	?
https://www.bizmerlin.com/responsible-disclosure-policy/	?
https://www.blackbaud.com/security/responsible-disclosure	?
https://www.blackberry.com/us/en/services/blackberry-product-security-incident-response	?
https://www.bluescape.com/vulnerability-disclosure-policy/	?
https://www.bmwgroup.com/en/general/Security.html	?
https://www.boeing.com/principles/ethics-and-compliance.page	?
https://www.bol.com/nl/m/algemeen/kwetsbaarheid-melden/subject/64209061/index.html	?
https://www.borealisgroup.com/legal/responsible-disclosure	?
https://www.bostonscientific.com/en-US/customer-service/product-security/responsible-disclosure.html	?
https://www.box.com/about-us/security/	?
https://www.braintreepayments.com/developers/disclosure	?
https://www.briskinfosec.com/responsibledisclosure	?
https://www.britishgas.co.uk/global-maintenance/responsible-disclosure.html	?
https://www.britishgasevolve.co.uk/responsible-disclosure	?
https://www.btric.org/legal/security/	?
https://www.buildxact.com.au/responsible-disclosure/	?
https://www.bunq.com/assets/media/legal/en/20161114_Responsible_Disclosure_Policy_EN.pdf	?
https://www.burda-forward.de/en/security/	?
https://www.bynder.com/en/legal/responsible-disclosure-policy/	?
https://www.campaignmonitor.com/trust/report-a-vulnerability/	?
https://www.canva.com/security/bug-bounty/	?
https://www.capitalone.com/digital/responsible-disclosure/	?
https://www.carbonblack.com/legal/reporting-security-vulnerability/	?
https://www.card.com/responsible-disclosure-policy	?
https://www.caresource.com/about-us/legal/responsible-disclosure-statement/	?
https://www.carestream.com/en/us/services-and-support/cybersecurity-and-privacy	?
https://www.castlegateit.co.uk/docs/ethical-policy.pdf	?
https://www.cat.com/en_US/support/maintenance/c/report-potential-information-security-vulnerabilities.html	?
https://www.catawiki.com/conditions/responsible-disclosure.pdf	?
https://www.centr.org/responsible-disclosure-policy.html	?
https://www.centralbank.net/personal/security/responsible-disclosure/	?
https://www.centrica.com/site-tools/security/	?
https://www.cert-in.org.in/PDF/Vul_Report.pdf	?
https://www.cert.govt.nz/it-specialists/guides/reporting-a-vulnerability/cert-nz-coordinated-vulnerability-disclosure-policy/	?
https://www.cfpb.gov/vulnerability-disclosure-policy	?
https://www.cftc.gov/vulnerability-disclosure-policy	?
https://www.chalk.com/security/	?
https://www.channable.com/bug-bounty/	?
https://www.chargify.com/security/	?
https://www.childcare.co.uk/responsible-disclosure-policy	?
https://www.choicehotels.com/legal/responsible-disclosure	?
https://www.circl.lu/pub/responsible-vulnerability-disclosure/	?
https://www.circonus.com/security/disclosure/	?
https://www.cisa.gov/coordinated-vulnerability-disclosure-process	?
https://www.citrix.com/about/trust-center/vulnerability-process.html	?
https://www.claromentis.com/responsible-disclosure-policy/	?
https://www.classdojo.com/securitydisclosureprogram/	?
https://www.clever-cloud.com/security-policy	?
https://www.climbingtree.nl/responsibledisclosure.php?language=en	?
https://www.clocktimizer.com/about/responsible-disclosure/	?
https://www.cloudbees.com/security-policy	?
https://www.cloudera.com/contact-us/security.html	?
https://www.cloudflare.com/en-gb/disclosure/	?
https://www.cloudreach.com/en/legal/vulnerability-disclosure-notice/	?
https://www.clubcollect.com/en/responsible-disclosure/	?
https://www.cms.gov/Research-Statistics-Data-and-Systems/CMS-Information-Technology/CIO-Directives-and-Policies/Downloads/CMS-Vulnerability-Disclosure-Policy.pdf	?
https://www.co-operativebank.co.uk/global/security/responsible-security-disclosure	?
https://www.coalfire.com/vulnerability-disclosure-policy	?
https://www.cockroachlabs.com/security/responsible-disclosure-policy/	?
https://www.coder.com/security/policy	?
https://www.codeweavers.com/support/wiki/website/security	?
https://www.coffeeandbagels.com/responsible-disclosure/	?
https://www.coinjar.com/bounty	?
https://www.coinpayments.net/help-bug-bounty	?
https://www.cointracker.io/security	?
https://www.collabim.cz/bezpecnost-collabimu.html	?
https://www.compass.com/legal/responsible-disclosure/	?
https://www.compose.com/security	?
https://www.conclusion.nl/kleine-lettertjes/responsible-disclosure	?
https://www.concrete5.org/developers/security	?
https://www.conferencebadge.com/security	?
https://www.contentful.com/security/	?
https://www.contrastsecurity.com/disclosure-policy	?
https://www.corporate.carrier.com/contact-us/	?
https://www.cosyfeet.com/security-privacy	?
https://www.countryfinancial.com/en/privacy-and-security.html	?
https://www.covermymeds.com/main/about/privacy/responsible-disclosure-program/	?
https://www.cox.com/aboutus/policies/cox-security-responsible-disclosure-policy.html	?
https://www.cpsc.gov/vulnerability-disclosure-policy	?
https://www.craigslist.org/contact?step=form&reqType=security	?
https://www.crunchbase.com/.well-known/security-policy.txt	?
https://www.csfd.cz/vyvojari/	?
https://www.csosa.gov/vulnerability-disclosure-policy	?
https://www.currencycloud.com/legal/responsible-disclosure/	?
https://www.cvent.com/en/event-management-software/vulnerability-disclosure-program	?
https://www.cybersprint.com/responsible-disclosure/	?
https://www.cybrary.it/info/responsible-disclosure-program/	?
https://www.cyncsoftware.com/responsible-disclosure-policy.php	?
https://www.daimler.com/whitehat/	?
https://www.db.com/legal-resources/responsible-disclosure-process	?
https://www.dc3.mil/Vulnerability-Disclosure/Vulnerability-Disclosure-Program-VDP/	?
https://www.decos.com/en/security	?
https://www.deere.com/en/digital-security/responsible-disclosure/	?
https://www.defcon.org/html/links/dc-policy.html	?
https://www.defiant.com/security/	?
https://www.delawareconsulting.com/en-us/about-us/responsible-disclosure	?
https://www.deltatre.com/coordinated-vulnerability-disclosure	?
https://www.denali.gov/vulnerability-disclosure-policy	?
https://www.dentrix.com/support/data-security/bug-bounty-program	?
https://www.dentsu.com/uk/en/policies/responsible-disclosure-policy	?
https://www.deps.co/security/	?
https://www.deputy.com/terms/responsible-disclosure-safe-harbor-policy	?
https://www.deribit.com/pages/information/bug-bounty-program	?
https://www.desjardins.com/ca/security/report-potential-vulnerability/index.jsp	?
https://www.deskpro.com/security/responsible-disclosure/	?
https://www.devo.com/responsible-vulnerability-disclosure-program/	?
https://www.devolksbank.nl/over-ons/kwetsbaarheden-melden	?
https://www.devolksbank.nl/veiligheid.html	?
https://www.dhs.gov/vulnerability-disclosure-policy	?
https://www.digitalasset.com/responsible-disclosure	?
https://www.dnb.nl/en/responsible-disclosure/index.jsp	?
https://www.dnfsb.gov/vulnerability-disclosure-policy	?
https://www.dnnsoftware.com/platform/share/bug-reporting	?
https://www.doc.gov/vulnerability-disclosure-policy	?
https://www.docker.com/legal/security	?
https://www.doi.gov/vulnerability-disclosure-policy	?
https://www.dol.gov/vulnerability-disclosure-policy	?
https://www.dominionvoting.com/coordinated-vulnerability-disclosure-policy/	?
https://www.dos.pa.gov/VotingElections/BEST/Pages/Responsible-Disclosure.aspx	?
https://www.dot.gov/vulnerability-disclosure-policy	?
https://www.dream11.com/security/rvdp	?
https://www.drugs.com/support/responsible-disclosure-policy.html	?
https://www.drupal.org/drupal-security-team	?
https://www.dssw.co.uk/readme/security.html	?
https://www.dualog.com/legal/vulnerability-disclosure-program	?
https://www.duolingo.com/privacy	?
https://www.ea.com/security/disclosure	?
https://www.eac.gov/vulnerability-disclosure-policy	?
https://www.earlywarning.com/responsible-disclosure-program	?
https://www.eccouncil.org/bug-bounty/	?
https://www.eclinicalworks.com/responsible-disclosure-policy/	?
https://www.ed.gov/vulnerability-disclosure-policy	?
https://www.edas.info/doc/disclosure.html	?
https://www.edelmanfinancialengines.com/vulnerability-disclosure	?
https://www.edwards.com/devices/support/product-security	?
https://www.eeoc.gov/vulnerability-disclosure-policy	?
https://www.eff.org/security	?
https://www.einride.tech/vulnerability-disclosure-policy	?
https://www.elastic.co/cloud/security	?
https://www.elektralabs.com/security	?
https://www.ellucian.com/responsible-disclosure	?
https://www.elvie.com/security-research-and-responsible-disclosure	?
https://www.eneco.com/responsible-disclosure/	?
https://www.epa.gov/vulnerability-disclosure-policy	?
https://www.eset.com/int/security-vulnerability-reporting/	?
https://www.essvote.com/wp-content/uploads/2020/08/ESS_vulnerability_disclosure_policy.pdf	?
https://www.etsi.org/standards/coordinated-vulnerability-disclosure	?
https://www.eur.nl/en/campus/locations/campus-woudestein/security-safety/information-security/responsible-disclosure	?
https://www.eveonline.com/article/responsible-disclosure-reporting-security-issues	?
https://www.exabeam.com/.well-known/security.txt	?
https://www.exim.gov/vulnerability-disclosure-policy	?
https://www.exoscale.com/security/	?
https://www.expatistan.com/security	?
https://www.expediagroup.com/about/privacy-data-handling-requirements/	?
https://www.f-secure.com/en/business/programs/vulnerability-reward-program	?
https://www.facebook.com/whitehat	?
https://www.factorialhr.com/security	?
https://www.fair.com/bug-bounty	?
https://www.fanduel.com/security	?
https://www.fanniemae.com/about-us/reporting-technology-vulnerability	?
https://www.fastly.com/security/report-security-issue	?
https://www.fastmail.com/bug-bounty/	?
https://www.fastweb.it/corporate/responsible-disclosure/	?
https://www.fca.gov/vulnerability-disclosure-policy	?
https://www.fcc.gov/vulnerability-disclosure-policy	?
https://www.fcsic.gov/vulnerability-disclosure-policy	?
https://www.federacy.com/check	?
https://www.federacy.com/federacy	?
https://www.federacy.com/modern-treasury	?
https://www.federacy.com/paladin-cyber-bug-bounty	?
https://www.federacy.com/recidiviz?tab=Intro	?
https://www.federacy.com/renofi	?
https://www.federacy.com/revenuecat	?
https://www.federalreserve.gov/vulnerability-disclosure-policy	?
https://www.ferc.gov/vulnerability-disclosure-policy	?
https://www.fhfa.gov/vulnerability-disclosure-policy	?
https://www.finder.com.au/vulnerability-disclosure-policy	?
https://www.finnie.org/vuln/	?
https://www.fireeye.com/company/security.html	?
https://www.first.org/about/bugs	?
https://www.float.sg/disclosure	?
https://www.flra.gov/vulnerability-disclosure-policy	?
https://www.fluxiom.com/security	?
https://www.fmcs.gov/vulnerability-disclosure-policy	?
https://www.followupboss.com/vulnerability-disclosure-policy	?
https://www.forcepoint.com/company/innovation/product-security-report-issue	?
https://www.forcyd.com/responsible-disclosure/	?
https://www.forhosting.pro/responsibledisclosure	?
https://www.fountain.com/security	?
https://www.fox-it.com/en/responsible-disclosure/	?
https://www.foxitsoftware.com/support/report-security-vulnerabilities.html	?
https://www.foxitsoftware.com/support/responsible-disclosure-policy.html	?
https://www.franconnect.com/vulnerability-disclosure-policy/	?
https://www.freelancer.com/about/security	?
https://www.freshbooks.com/policies/responsible-disclosure	?
https://www.freshworks.com/security/responsible-disclosure/	?
https://www.frontspin.com/vulnerability-disclosure-program/	?
https://www.frtib.gov/vulnerability-disclosure-policy	?
https://www.ftc.gov/vulnerability-disclosure-policy	?
https://www.fusion.org/developers/bug-bounty#bugs	?
https://www.gamma.nl/klantenservice/veiligheid-privacy/responsible-disclosure	?
https://www.garantibank.eu/about-us/security/responsible-disclosure	?
https://www.garmin.com/en-US/legal/security/	?
https://www.gdata-software.com/vulnerability-disclosure	?
https://www.ge.com/security	?
https://www.geekzone.co.nz/content.asp?contentid=105	?
https://www.gehealthcare.com/security/cvd	?
https://www.geotab.com/security/	?
https://www.getcruise.com/security	?
https://www.getonbrd.com/about/privacy	?
https://www.getyourguide.com/security	?
https://www.gigamon.com/security-disclosure.html	?
https://www.gitpod.io/security/report	?
https://www.goldmansachs.com/privacy-and-cookies/global-privacy-policy.html	?
https://www.gonitro.com/nps/security/updates#vulnerability-bug-bounty-policy	?
https://www.google.com/about/appsecurity/	?
https://www.google.com/about/appsecurity/android-rewards/	?
https://www.google.com/about/appsecurity/chrome-rewards/	?
https://www.google.com/about/appsecurity/patch-rewards/index.html	?
https://www.google.com/about/appsecurity/reward-program/	?
https://www.gotinder.com/security	?
https://www.gov.uk/guidance/report-a-vulnerability-on-an-mod-system	?
https://www.government.nl/topics/cybercrime/fighting-cybercrime-in-the-netherlands/responsible-disclosure	?
https://www.greenbone.net/en/responsible-disclosure/	?
https://www.gsa.gov/vulnerability-disclosure-policy	?
https://www.gsma.com/aboutus/legal/privacy	?
https://www.gsma.com/security/gsma-coordinated-vulnerability-disclosure-programme/	?
https://www.gstdev.com/responsive-disclosure	?
https://www.guardian360.net/coordinated-vulnerability-disclosure/	?
https://www.hacktify.eu/en/public-programs/	?
https://www.halodoc.com/security	?
https://www.hartintercivic.com/wp-content/uploads/HartVulnerabilityDisclosurePolicy_82020.pdf	?
https://www.hcltech.com/software/psirt/hcl-software-vulnerability-disclosure-policy	?
https://www.health.gov.au/using-our-websites/vulnerability-disclosure-policy	?
https://www.hellosign.com/trust/security	?
https://www.heroku.com/policy/security	?
https://www.hex-rays.com/bugbounty/	?
https://www.hhs.gov/vulnerability-disclosure-policy	?
https://www.hidglobal.com/security-center	?
https://www.hillrom.com/en/responsible-disclosures/	?
https://www.hindawi.com/responsible-disclosure-policy/	?
https://www.hivehome.com/security	?
https://www.hoasted.com/vulnerability-disclosure-policy/	?
https://www.holland-controls.com/responsible-disclosure	?
https://www.home-assistant.io/security/	?
https://www.home.saxo/legal/vulnerability-disclosure-policy/vulnerability-disclosure-policy	?
https://www.honeycomb.io/bugbountyprogram/	?
https://www.honeywell.com/us/en/product-security	?
https://www.hostfact.nl/security/	?
https://www.hostinger.com/responsible-disclosure-policy	?
https://www.hpe.com/us/en/services/security-vulnerability.html	?
https://www.hrpartner.io/security.html	?
https://www.htc.com/us/terms/product-security/	?
https://www.huawei.com/en/psirt/report-vulnerabilities	?
https://www.hud.gov/vulnerability-disclosure-policy	?
https://www.hyundaiusa.com/us/zh/vulnerability-disclosure	?
https://www.icann.org/vulnerabilities	?
https://www.idena.io/contribute#contribute-3-1	?
https://www.idfcbank.com/content/dam/idfc/image/security-tips/pdf/Responsible-Disclosure-Program.pdf	?
https://www.ifixit.com/Info/Responsible_Disclosure	?
https://www.ignet.gov/vulnerability-disclosure-policy	?
https://www.ihg.com/content/us/en/customer-care/privacy-and-cookie-center/responsible-disclosure	?
https://www.imls.gov/vulnerability-disclosure-policy	?
https://www.imperosoftware.com/fr/reporting-vulnerabilities/	?
https://www.imperva.com/legal/responsible-disclosure-policy/	?
https://www.incibe-cert.es/en/what-is-incibe-cert/vulnerability-disclosure-policy	?
https://www.independer.nl/algemeen/info/responsible-disclosure.aspx	?
https://www.inflectra.com/company/responsible-disclosure.aspx	?
https://www.infoblox.com/company/legal/vulnerability-responsible-disclosure-policy/	?
https://www.infopluscommerce.com/legal/responsible-disclosure-policy	?
https://www.ing.com/ING.com-Security.htm	?
https://www.ing.nl/de-ing/veilig-bankieren/fraude-melden/meldpunt-kwetsbaarheden/index.html	?
https://www.ingenico.com/responsible-disclosure-program	?
https://www.instructure.com/canvas/blog/instructures-proven-security-vulnerability-disclosure-program	?
https://www.integraxor.com/integraxor-hmi-scada-bug-bounty-program/	?
https://www.intel.com/content/www/us/en/security-center/default.html	?
https://www.intermedia.net/about-us/vulnerability-disclosure	?
https://www.intigriti.com/public/project/telenet/telenet	?
https://www.intigriti.com/public/project/uz%20leuven/nexuzhealthwebpacs	?
https://www.intuo.io/security	?
https://www.ipswitch.com/vulnerability-disclosure-policy	?
https://www.irccloud.com/whitehat	?
https://www.irisonboard.com/responsible-disclosure/	?
https://www.ivanti.com/support/contact-security	?
https://www.jamesmadison.gov/vulnerability-disclosure-policy	?
https://www.jamf.com/security/vulnerability-disclosure/	?
https://www.jamieweb.net/contact/	?
https://www.jardinesoftware.com/security-policy	?
https://www.jazznetworks.com/security/	?
https://www.jcpenney.com/m/responsible-disclosure-program	?
https://www.jefferson-bank.com/personal/security/responsible-disclosure/	?
https://www.jenkins.io/security/reporting/	?
https://www.jetbrains.com/legal/terms/coordinated-disclosure.html	?
https://www.jisc.ac.uk/contact/vulnerability-disclosure-policy	?
https://www.jruby.org/security	?
https://www.jsof-tech.com/vulnerability-disclosure-policy/	?
https://www.jumo.world/responsible-disclosure/	?
https://www.juniper.net/us/en/security/report-vulnerability/	?
https://www.justice.gov/vulnerability-disclosure-policy	?
https://www.kaseya.com/legal/vulnerability-disclosure-policy/	?
https://www.kayak.co.in/security	?
https://www.key.com/about/security/privacy-security.jsp	?
https://www.kiwa.com/en/responsible-disclosure-policy/	?
https://www.kiwi.com/us/pages/security	?
https://www.klarna.com/responsible-disclosure/	?
https://www.klenty.com/responsible-disclosure	?
https://www.knb.nl/english/responsible-disclosure	?
https://www.knowledgeowl.com/home/vulnerability-disclosure-policy	?
https://www.korewireless.com/responsible-disclosure-policy	?
https://www.korukids.co.uk/privacy-policy/	?
https://www.kpn.com/algemeen/missie-en-privacy-statement/beveiligingskwetsbaarheid/beveiligingslek-melden.htm	?
https://www.kraken.com/security/bug-bounty	?
https://www.kreezalid.com/privacy-policy	?
https://www.kroger.com/.well-known/security.txt	?
https://www.kustomer.com/policy/disclosure/	?
https://www.larksuite.com/bugbounty	?
https://www.leaseweb.com/security-certifications/responsible-disclosure	?
https://www.lego.com/en-nl/legal/notices-and-policies/responsible-disclosure-policy/	?
https://www.leicabiosystems.com/about/product-security/	?
https://www.lenovo.com/us/en/product-security/vulnerability-disclosure-policy	?
https://www.letsbuild.com/responsible-disclosure	?
https://www.liferay.com/security	?
https://www.lightspeedhq.com/security/	?
https://www.liquidweb.com/about-us/policies/bug-bounty-program/	?
https://www.liveclicker.com/trust/report-a-vulnerability/	?
https://www.localheroes.com/security	?
https://www.loginradius.com/bug-bounty/	?
https://www.logitech.com/en-us/legal/security-vulnerability-reporting.html	?
https://www.lookout.com/legal/responsible-disclosure	?
https://www.lumosity.com/en/legal/responsible_disclosure_policy/	?
https://www.lvrg.ai/vdp	?
https://www.lyft.com/security	?
https://www.m-files.com/en/vulnerability-disclosure	?
https://www.mailtag.io/disclosure-policy	?
https://www.majidalfuttaim.com/en/responsible-disclosure-policy	?
https://www.malwarebytes.org/secure/	?
https://www.marktplaats.nl/i/help/veilig-en-succesvol/responsible-disclosure-program.dot.html	?
https://www.marqeta.com/responsible-disclosure	?
https://www.mathworks.com/company/aboutus/policies_statements/vulnerability-disclosure-policy.html	?
https://www.mcafee.com/enterprise/en-us/threat-center/advanced-threat-research/disclosure.html	?
https://www.mcc.gov/vulnerability-disclosure-policy	?
https://www.mediatek.com/security-contact	?
https://www.mediaukkiedagen.nl/responsibledisclosure-en/	?
https://www.meettally.com/rvd/	?
https://www.mercedes-benz.com/en/whitehat/?owda=misc#coordinated-disclosure-guidlines	?
https://www.merkleinc.com/responsible-disclosure-policy	?
https://www.microfocus.com/support-and-services/report-security/	?
https://www.microsoft.com/en-us/msrc/bounty?rtc=1	?
https://www.microstrategy.com/us/bug-bounty-program	?
https://www.mimecast.com/responsible-disclosure/	?
https://www.mindstronghealth.com/security-policy.html	?
https://www.missguided.co.uk/responsible-disclosure	?
https://www.mobikwik.com/bug-bounty	?
https://www.mollie.com/en/responsible-disclosure	?
https://www.monash.edu/cybersecurity/about/mon-csirt	?
https://www.monetha.io/bounty	?
https://www.moneybird.nl/security/	?
https://www.mongodb.com/security	?
https://www.motorola.com/us/legal/security-vulnerability	?
https://www.mozilla.org/en-US/security/bug-bounty/	?
https://www.mspb.gov/vulnerability-disclosure-policy/	?
https://www.mtpelerin.com/responsible-disclosure-policy	?
https://www.mural.co/security/vdp	?
https://www.mvorisicochecker.nl/de/node/1807	?
https://www.mx.com/security-policy	?
https://www.mycnote.com/vulnerability-disclosure-program/	?
https://www.myetherwallet.com/security-policy	?
https://www.myhermes.co.uk/responsible-disclosure-policy	?
https://www.mynameflow.com/vulnerability-disclosure/	?
https://www.myob.com/au/about/security/report-security-vulnerability	?
https://www.myomnipod.com/Coordinated-Disclosure-Process	?
https://www.myomnipod.com/product-security	?
https://www.nachi.org/bug-bounty	?
https://www.nara.gov/vulnerability-disclosure-policy	?
https://www.nasa.gov/vulnerability-disclosure-policy	?
https://www.nashville.gov/sites/default/files/2021-11/ISM-19-Vulnerability-Disclosure-Policy.pdf	?
https://www.national-lottery.co.uk/security	?
https://www.nautadutilh.com/en/responsible-disclosure	?
https://www.ncpc.gov/vulnerability-disclosure-policy	?
https://www.ncsc.admin.ch/ncsc/en/home/infos-fuer/infos-it-spezialisten/themen/schwachstelle-melden.html	?
https://www.ncsc.gov.uk/information/vulnerability-reporting	?
https://www.ncsc.gov.uk/vulnerability-reporting	?
https://www.ncsc.nl/security	?
https://www.ncua.gov/vulnerability-disclosure-policy	?
https://www.neh.gov/vulnerability-disclosure-policy	?
https://www.netgate.com/security/index.html	?
https://www.netohq.com/privacy-policy	?
https://www.netskope.com/vulnerability-disclosure-policy	?
https://www.newleaf.com/responsible-disclosure-policy/	?
https://www.news.co.uk/responsible-disclosure-policy/	?
https://www.newseasonsmarket.com/responsible-disclosure-policy/	?
https://www.nexcess.net/policies/nexcess-bug-bounty/	?
https://www.ngahr.com/privacy-policies/	?
https://www.nike.com/help/a/responsible-disclosure	?
https://www.nixu.com/vulnerability-disclosure-policy	?
https://www.nlrb.gov/vulnerability-disclosure-policy	?
https://www.nokia.com/responsible-disclosure/	?
https://www.northwesternmutual.com/responsible-disclosure-policy/	?
https://www.nos.pt/en/institutional/sustainability/ethical-and-responsible-management/security-and-privacy/cybersecurity-responsible-disclosure-of-vulnerabilities	?
https://www.nospamproxy.de/en/cybersecurity-product-security-incident-response-team-psirt/	?
https://www.notion.so/Responsible-Disclosure-Policy-5f18bb6b86804eaf989c006131778b9c	?
https://www.novocure.com/novocure-vulnerability-disclosure-process/	?
https://www.nowsecure.com/company/responsible-disclosure-policy/	?
https://www.npmjs.com/policies/security	?
https://www.nrc.gov/vulnerability-disclosure-policy	?
https://www.nsf.gov/vulnerability-disclosure-policy	?
https://www.nutshell.com/security/	?
https://www.nvidia.com/object/submit-security-vulnerability.html	?
https://www.nwbbank.com/en/responsible-disclosure	?
https://www.nwtrb.gov/vulnerability-disclosure-policy	?
https://www.nxp.com/support/support/report-product-security-vulnerabilities:PSIRT	?
https://www.nykaa.com/responsible-disclosure	?
https://www.occrp.org/en/responsible-disclosure	?
https://www.odoo.com/security-report	?
https://www.offensive-security.com/bug-bounty-program/	?
https://www.ofwat.gov.uk/vulnerability-disclosure-policy	?
https://www.oge.gov/vulnerability-disclosure-policy	?
https://www.ohiosos.gov/vulnerability-disclosure-policy/	?
https://www.okcupid.com/security	?
https://www.olacabs.com/whitehat	?
https://www.ondeck.com/security-policy	?
https://www.onelogin.com/security	?
https://www.onepagecrm.com/vulnerability-disclosure/	?
https://www.onhir.gov/vulnerability-disclosure-policy	?
https://www.onlineseminar.com/security/	?
https://www.openbsd.org/security.html	?
https://www.openbugbounty.org/bugbounty/FONDY_EU/	?
https://www.openbugbounty.org/bugbounty/WeekendeskS/	?
https://www.openbugbounty.org/bugbounty/sviesolutions/	?
https://www.openssl.org/community/#securityreports	?
https://www.opslevel.com/responsible-disclosure/	?
https://www.optum.com/vulnerability.html	?
https://www.oracle.com/africa/corporate/security-practices/assurance/vulnerability/reporting.html	?
https://www.orr.gov.uk/	?
https://www.oshkoshcorp.com/contact/Contacts~CyberSecurity.html	?
https://www.oshrc.gov/vulnerability-disclosure-policy	?
https://www.oslobors.no/ob_eng/Oslo-Boers/About-Oslo-Boers/Responsible-Disclosure	?
https://www.osti.gov/.well-known/security.txt	?
https://www.ourfabriq.com/responsible-disclosure-policy	?
https://www.owna.com.au/security-policy.html	?
https://www.pagerduty.com/security/disclosure/	?
https://www.pagopa.gov.it/security.html	?
https://www.palantir.com/responsible-disclosure/	?
https://www.panasonic.com/global/corporate/product-security/sec/psirt/policy.html	?
https://www.parabol.co/security-disclosure	?
https://www.parity.io/bug-bounty/	?
https://www.particle.io/legal/responsible-disclosure/	?
https://www.partnerstack.com/policies#security-practices	?
https://www.pastecoin.com/bug_bounty	?
https://www.patrontechnology.com/security-vulnerability-program	?
https://www.paychoice.com.au/security/#security-researchers	?
https://www.paypal.com/us/webapps/mpp/security-tools/reporting-security-issues	?
https://www.pbgc.gov/vulnerability-disclosure-policy	?
https://www.pcextreme.com/policies/responsible-disclosure	?
https://www.pclob.gov/vulnerability-disclosure-policy	?
https://www.peacecorps.gov/vulnerability-disclosure-policy/	?
https://www.pega.com/responsible-disclosure-policy	?
https://www.pentair.com/en-us/legal/responsible-disclosure.html	?
https://www.pepperfry.com/whitehat.html	?
https://www.personalcapital.com/responsible-disclosure/	?
https://www.pexip.com/vulnerability-disclosure	?
https://www.phdata.io/bug-bounty-program/	?
https://www.philips.com/a-w/security/coordinated-vulnerability-disclosure.html	?
https://www.phpmyadmin.net/security/	?
https://www.pingidentity.com/en/company/security-at-ping-identity.html	?
https://www.pitchero.com/security-policy	?
https://www.plangrid.com/security/	?
https://www.playframework.com/security/vulnerability	?
https://www.plugin-alliance.com/en/security.html	?
https://www.pnc.com/en/security-privacy/responsible-disclosure-program.html	?
https://www.pokemon.com/us/vulnerability-disclosure-program/	?
https://www.polipayments.com/VulnerabilityDisclosurePolicy	?
https://www.pon-cat.com/en/responsible-disclosure	?
https://www.portofantwerp.com/en/responsible-disclosure	?
https://www.postman.com/security/vulnerability-reporting/	?
https://www.postnl.nl/en/responsible-disclosure/	?
https://www.powerschool.com/security/responsible-disclosure-program/	?
https://www.practo.com/company/responsible-disclosure-policy	?
https://www.prc.gov/vulnerability-disclosure-policy	?
https://www.predicagroup.com/cvd/	?
https://www.productboard.com/product/security/#application-security	?
https://www.productsecurity.jnj.com/	?
https://www.proofpoint.com/us/security	?
https://www.ptc.com/en/documents/security/coordinated-vulnerability-disclosure	?
https://www.python.org/news/security/	?
https://www.qgcio.qld.gov.au/information-on/information-security/responsible-vulnerability-disclosure-statement	?
https://www.qiwi.ru/page/hack.action	?
https://www.qoria.com/vulnerability-disclosure-policy	?
https://www.qualcomm.com/company/product-security/report-a-bug	?
https://www.qualtrics.com/platform/security/vulnerability-disclosure/	?
https://www.qualys.com/docs/responsible-disclosure-policy.pdf	?
https://www.radiometer.com/en/about-radiometer/legal/coordinated-vulnerability-disclosure	?
https://www.rainfocus.com/vulnerability-disclosure	?
https://www.range.co/security/bounty	?
https://www.rangeme.com/vulnerability_disclosure_program	?
https://www.rapid7.com/security/disclosure	?
https://www.rapidspike.com/info/vulnerability-disclosure/	?
https://www.rea-group.com/security	?
https://www.realtor.com/responsible-disclosure-policy/	?
https://www.recordedfuture.com/security/	?
https://www.red-gate.com/website/legal	?
https://www.redstor.com/en-us/about/vulnerability-disclosure-policy/	?
https://www.regions.com/about-regions/privacy-security/vulnerability-disclosure-program	?
https://www.rekruter.de/impressum/datenschutz.lasso	?
https://www.replicated.com/security/	?
https://www.resmed.com/en-us/security/	?
https://www.revolut.com/responsible-disclosure-program	?
https://www.ribose.com/feedback/security	?
https://www.ricoh.ca/en/about-us/vulnerability-disclosure-policy	?
https://www.ripe.net/support/contact/responsible-disclosure-policy	?
https://www.riskalyze.com/security-response	?
https://www.robeco.com/en/responsible-disclosure.html	?
https://www.rockwellautomation.com/en-us/capabilities/industrial-security.html	?
https://www.royalihc.com/en/responsible-disclosure-policy	?
https://www.rtbf.be/cgu/	?
https://www.rust-lang.org/policies/security	?
https://www.sailthru.com/trust/report-a-vulnerability/	?
https://www.salestrail.io/vulnerability	?
https://www.samsara.com/security	?
https://www.sanity.io/security	?
https://www.sba.gov/vulnerability-disclosure-policy	?
https://www.sbab.se/1/sidfotsmeny_2/sakerhet/responsible_disclosure.html	?
https://www.scaleft.com/company/security/	?
https://www.se.com/ww/en/work/support/cybersecurity/vulnerability-policy.jsp	?
https://www.seagate.com/legal-privacy/responsible-vulnerability-disclosure-policy/	?
https://www.seal-software.com/responsible-disclosure/	?
https://www.sec.gov/vulnerability-disclosure-policy	?
https://www.secondstreet.com/product-security-responsible-disclosure-policy	?
https://www.secura.com/ResponsibleDisclosure	?
https://www.securecyberfuture.com/responsible-disclosure	?
https://www.securitas.com/en/about-us/responsible-disclosure/	?
https://www.securityinnovation.com/about/security/	?
https://www.sendsafely.com/security/bug-bounty	?
https://www.senseofsecurity.com.au/resources/vulnerability-disclosure-policy/	?
https://www.sentropy.com/disclosure	?
https://www.serenityos.org/bounty/	?
https://www.servicenow.com/company/trust/responsible-disclosure.html	?
https://www.setpointis.com/responsible-disclosure/	?
https://www.shapesecurity.com/report-a-vulnerability	?
https://www.shell.com/about-us/our-values/shell-global-helpline/responsible-disclosure-policy.html	?
https://www.sidefx.com/responsible-disclosure-program/	?
https://www.signalfx.com/trust/security/responsible-disclosure	?
https://www.signify.com/global/product-security	?
https://www.simmons-clinic.com/legal-responsibledisclosure.html	?
https://www.simple.com/policies/security	?
https://www.simplerisk.com/responsible_disclosure_policy	?
https://www.simplybusiness.com/responsible-disclosure/	?
https://www.siteground.com/term/92.htm	?
https://www.skoodat.com/security	?
https://www.smile.co.uk/global/security/responsible-security-disclosure	?
https://www.smiths-medical.com/company-information/smiths-medical-coordinated-disclosure-statement	?
https://www.solaredge.com/us/cyber-security-policy	?
https://www.solarwinds.com/information-security/vulnerability-disclosure-policy	?
https://www.soluble.ai/vulnerability-disclosure-policy	?
https://www.solvinity.com/responsible-disclosure	?
https://www.sourcible.com/vdp	?
https://www.southwest.com/security-researchers.txt	?
https://www.spaceapegames.com/privacy-policy	?
https://www.splashtop.com/responsible-disclosure	?
https://www.splendiddata.com/responsible-disclosure-policy/	?
https://www.splio.com/data-protection/	?
https://www.splunk.com/en_us/product-security.html	?
https://www.spokeo.com/bug-bounty	?
https://www.spotify.com/us/bounty/	?
https://www.spreaker.com/security	?
https://www.sqills.com/responsible-disclosure-policy/	?
https://www.sqreen.com/security	?
https://www.ssa.gov/vulnerability-disclosure-policy	?
https://www.sss.gov/vulnerability-disclosure-policy	?
https://www.staff.universiteitleiden.nl/binaries/content/assets/ul2staff/ict/responsible-disclosure-eng.pdf	?
https://www.standard.com/about-standard/responsible-disclosure-program	?
https://www.stanleyblackanddecker.com/security	?
https://www.starbucks.com/whitehat	?
https://www.starleaf.com/c/bug-bounty-program/	?
https://www.starlingbank.com/security/disclosure/	?
https://www.state.gov/vulnerability-disclosure-policy/	?
https://www.statefarm.com/customer-care/privacy-security/security/vulnerability-disclosure-policy	?
https://www.stefanvd.net/privacy/	?
https://www.stellar.org/bug-bounty-program/	?
https://www.stgeorge.com.au/online-services/security-centre/responsible-disclosure	?
https://www.strala.com/responsible-disclosure	?
https://www.stremio.com/security-policy.txt	?
https://www.stryker.com/us/en/about/governance/cyber-security.html	?
https://www.studentdoctor.net/security-policy/	?
https://www.summa.eu/nl/responsible-disclosure	?
https://www.supersonicimagine.com/security	?
https://www.surevine.com/responsible-disclosure-policy/	?
https://www.swift.com/contact-us/security	?
https://www.swiggy.com/bug-bounty	?
https://www.swisscom.ch/en/about/company/portrait/network/security/bug-bounty.html	?
https://www.switch.ch/security/.galleries/files/SWITCH-CERT.txt	?
https://www.symantec.com/security-center/vulnerability-management	?
https://www.synology.com/de-de/security/bounty_program#scope_and_reward	?
https://www.takealot.com/help/responsible-disclosure-policy	?
https://www.tarsnap.com/bugbounty.html	?
https://www.tdameritrade.com/security/security-vulnerability.page	?
https://www.tealyra.com/.well-known/policy.txt	?
https://www.teamsnap.com/responsible-disclosure-policy	?
https://www.tech.gov.sg/report_vulnerability	?
https://www.techgig.com/bugbounty	?
https://www.technicolor.com/privacy-policy	?
https://www.techsmith.com/security.html	?
https://www.tele2.nl/thuis/internet/veilig-internetten/stappenplan/	?
https://www.telekom.com/en/corporate-responsibility/data-protection-data-security/security/details/closing-security-gaps-360054	?
https://www.telekom.com/en/corporate-responsibility/data-protection-data-security/security/security/closing-security-gaps-360054	?
https://www.tenable.com/security/report	?
https://www.terra.money/bugcrowd	?
https://www.theatlantic.com/responsible-disclosure-policy/	?
https://www.theforage.com/security/disclosure	?
https://www.thehaguesecuritydelta.com/responsible-disclosure	?
https://www.thethingsnetwork.org/responsible-disclosure	?
https://www.thexyz.com/about/security-policy	?
https://www.thg.com/bounty	?
https://www.thinkful.com/responsible-disclosure/	?
https://www.tibco.com/security/vulnerability-disclosure-policy	?
https://www.ticketswap.com/content/responsible-disclosure	?
https://www.tidepool.org/security/	?
https://www.tidio.com/security-policy/	?
https://www.tokens.net/security-policy/	?
https://www.topdesk.com/us/responsible-disclosure/	?
https://www.tradingview.com/bounty/	?
https://www.transip.eu/legal-and-security/security	?
https://www.treasury.gov/vulnerability-disclosure-policy	?
https://www.trychameleon.com/security/disclosure	?
https://www.turnoffthelights.com/privacy.html	?
https://www.twitch.tv/p/security	?
https://www.twizo.com/twizo-responsible-disclosure-policy/	?
https://www.udall.gov/vulnerability-disclosure-policy	?
https://www.ukfast.co.uk/terms.html	?
https://www.united.com/web/en-US/content/contact/bugbounty.aspx	?
https://www.usaid.gov/vulnerability-disclosure-policy	?
https://www.usccr.gov/vulnerability-disclosure-policy	?
https://www.usda.gov/vulnerability-disclosure-policy	?
https://www.ushahidi.com/security	?
https://www.usitc.gov/vulnerability-disclosure-policy	?
https://www.utwente.nl/en/cyber-safety/responsible/	?
https://www.va.gov/vulnerability-disclosure-policy	?
https://www.vanmoof.com/en/responsible-disclosure-policy	?
https://www.vdoo.com/disclosures	?
https://www.veracode.com/legal-privacy/responsible-disclosure-policy	?
https://www.verance.com/privacy/	?
https://www.veriff.com/responsible-disclosure	?
https://www.viadeo.com/en/securite	?
https://www.vice.com/en_us/page/vice-responsible-disclosure-policy	?
https://www.vicompany.nl/legal/responsible-disclosure	?
https://www.vinci.com/publi/vinci/cert/index-en.html	?
https://www.vipps.no/sikkerhet/responsible-disclosure-policy/	?
https://www.virtru.com/responsible-disclosure/	?
https://www.visma.com/trust-centre/smb/security-and-privacy/operational/responsible-disclosure/	?
https://www.vkksu.gov.ua/userfiles/doc/sec/secpolicy.txt	?
https://www.vmware.com/support/policies/security_response.html	?
https://www.vodafone.nl/over-deze-website/privacy-en-disclaimer/report-security-leak.shtml	?
https://www.volkis.com.au/vulnerability-disclosure/	?
https://www.vopak.com/vopak-responsible-disclosure-policy	?
https://www.voys.nl/security-responsible-disclosure/#rd	?
https://www.vrt.be/en/responsible-disclosure-policy-english-version/	?
https://www.vultr.com/bug-bounty/	?
https://www.vusecurity.com/vulnerability-disclosure-policy	?
https://www.wandera.com/responsible-disclosure/	?
https://www.webmethod.nl/juridisch/responsible-disclosure	?
https://www.websupport.sk/support/kb/nahlasenie-zranitelnosti/	?
https://www.wefact.nl/security/	?
https://www.wellsfargo.com/privacy-security/fraud/responsible-disclosure-program/	?
https://www.westerndigital.com/support/productsecurity	?
https://www.winni.in/bug-bounty	?
https://www.wisekey.com/vulnerabilities/	?
https://www.wordfence.com/security/	?
https://www.wordfence.com/threat-intel/bug-bounty-program/	?
https://www.workmarket.com/security	?
https://www.xenproject.org/security-policy.html	?
https://www.xerox.com/perl-bin/formeng.pl?form=product_security_information_request_7285	?
https://www.xing.com/rfc-2350.txt	?
https://www.xpos.nl/security.html	?
https://www.yatra.com/online/bug-bounty	?
https://www.yeahhub.com/privacy-policy/	?
https://www.yesware.com/security/	?
https://www.york.ac.uk/it-services/security/vulnerability-disclosure/	?
https://www.york.gov.uk/security	?
https://www.yourepo.com/user/privacy	?
https://www.z-cert.nl/en/responsible-disclosure-z-cert	?
https://www.zaful.com/report-security-issues	?
https://www.zaplabs.com/docs/Security%20Vulnerability%20Disclosure%20Program.pdf	?
https://www.zarx.co.za/rights/terms-and-conditions	?
https://www.zdrojak.cz/redakce/podminky-uzivani	?
https://www.zellepay.com/responsible-disclosure-program	?
https://www.zendesk.com/company/policies-procedures/#responsible-disclosure-policy	?
https://www.zendesk.com/company/policies-procedures/responsible-disclosure-policy/	?
https://www.zendesk.de/company/policies-procedures/responsible-disclosure-policy/	?
https://www.zerocopter.com/en/responsible-disclosure	?
https://www.zeta.tech/security/	?
https://www.zetetic.net/security/	?
https://www.zomato.com/security	?
https://www.zscaler.com/company/vulnerability-disclosure-program	?
https://www1.hdms.com/responsible-vulnerability-disclosure-policy/	?
https://xmr.to/security	?
https://yandex.com/bugbounty/report/	?
https://yeswehack.com/programs/dailymotion-public-bug-bounty	?
https://yeswehack.com/programs/qwant	?
https://yum.responsibledisclosure.com/hc/en-us	?
https://zapier.com/engineering/bug-bounty-program/	?
https://zerodisclo.com/	?
https://zksync.io/dev/bug-bounty.html	?
https://zoom.us/docs/en-us/vulnerability-disclosure-policy.html	?
