https://federacy.com/AngelList VDP	?
https://federacy.com/Archive-Intel-Inc	https://hub.docker.com/u/archive
https://federacy.com/Belvo Technologies Inc.	?
https://federacy.com/Check	https://hub.docker.com/u/check
https://federacy.com/Clay	https://hub.docker.com/u/clay
https://federacy.com/Confido	https://hub.docker.com/u/confido
https://federacy.com/Convictional	?
https://federacy.com/Cyber Info	https://hub.docker.com/u/cyberinfo
https://federacy.com/Edgedive	?
https://federacy.com/Federacy	?
https://federacy.com/Level365	?
https://federacy.com/LimaCharlie	?
https://federacy.com/MobileAction	?
https://federacy.com/Nanonets	?
https://federacy.com/Nelogica	?
https://federacy.com/Nucla	?
https://federacy.com/Officely	?
https://federacy.com/OneStepGPS	?
https://federacy.com/Prevu3D	?
https://federacy.com/Rally	?
https://federacy.com/Recidiviz	?
https://federacy.com/RenoFi	?
https://federacy.com/Spacelift	?
https://federacy.com/Stacksi	?
https://federacy.com/SupportBee	?
https://federacy.com/Sylaps	?
https://federacy.com/Tuple	?
https://federacy.com/Upfort	?
https://federacy.com/Vertex	?
https://federacy.com/biorender	?
https://federacy.com/cooper	?
https://federacy.com/crowdai	?
https://federacy.com/delight-im	?
https://federacy.com/eqtble	?
https://federacy.com/okteto	?
