https://www.federacy.com/angellist-vdp	?
https://www.federacy.com/archive-intel-inc	?
https://www.federacy.com/belvo-technologies-inc	?
https://www.federacy.com/biorender	?
https://www.federacy.com/check	?
https://www.federacy.com/clay	?
https://www.federacy.com/confido	?
https://www.federacy.com/convictional	?
https://www.federacy.com/cooper	?
https://www.federacy.com/crowdai	?
https://www.federacy.com/cyber-info	?
https://www.federacy.com/delight-im	?
https://www.federacy.com/edgedive	?
https://www.federacy.com/eqtble	?
https://www.federacy.com/federacy	?
https://www.federacy.com/level365	?
https://www.federacy.com/limacharlie	?
https://www.federacy.com/mobileaction	?
https://www.federacy.com/nanonets	?
https://www.federacy.com/nelogica	?
https://www.federacy.com/nucla	?
https://www.federacy.com/officely	?
https://www.federacy.com/okteto	?
https://www.federacy.com/onestepgps	?
https://www.federacy.com/prevu3d	?
https://www.federacy.com/rally	?
https://www.federacy.com/recidiviz	?
https://www.federacy.com/renofi	?
https://www.federacy.com/spacelift	?
https://www.federacy.com/stacksi	?
https://www.federacy.com/supportbee	?
https://www.federacy.com/sylaps	?
https://www.federacy.com/tuple	?
https://www.federacy.com/upfort	?
https://www.federacy.com/vertex	?
