https://hackerone.com/1password	https://hub.docker.com/u/1password
https://hackerone.com/1password_ctf	https://hub.docker.com/u/1password
https://hackerone.com/23andme_bbp	https://hub.docker.com/u/23andme
https://hackerone.com/3cx	?
https://hackerone.com/6sense-vdp	?
https://hackerone.com/8x8-bounty	?
https://hackerone.com/abb	https://hub.docker.com/u/abbinc
https://hackerone.com/abercrombie_fitch	https://hub.docker.com/u/fitch
https://hackerone.com/abn_amro_vdp	?
https://hackerone.com/aboitizpower_corporation	https://hub.docker.com/u/corporation
https://hackerone.com/acronis	https://hub.docker.com/u/acronis
https://hackerone.com/adevinta_vdp	https://hub.docker.com/u/adevinta
https://hackerone.com/adobe	https://hub.docker.com/u/adobe
https://hackerone.com/aeromexico_vdp	https://hub.docker.com/u/aeromexico
https://hackerone.com/affirm	https://hub.docker.com/u/affirm
https://hackerone.com/aig	https://hub.docker.com/u/aigio
https://hackerone.com/airbnb	https://hub.docker.com/u/airbnb
https://hackerone.com/airtable	https://hub.docker.com/u/airtable
https://hackerone.com/alibaba_vdp	https://hub.docker.com/u/alibaba
https://hackerone.com/allegion	https://hub.docker.com/u/allegion
https://hackerone.com/alohi	https://hub.docker.com/u/alohi
https://hackerone.com/alsco	https://hub.docker.com/u/alsco
https://hackerone.com/alshaya	https://hub.docker.com/u/alshaya
https://hackerone.com/amazonvrp	?
https://hackerone.com/amazonvrp-devices	https://hub.docker.com/u/devices
https://hackerone.com/anduril_industries	https://hub.docker.com/u/andurilindustries
https://hackerone.com/anthropic-vdp	https://hub.docker.com/u/anthropic
https://hackerone.com/anywhererealestate	?
https://hackerone.com/aon	?
https://hackerone.com/apnic	https://hub.docker.com/u/apnic
https://hackerone.com/arkadiyt-projects	https://hub.docker.com/u/arkadiyt
https://hackerone.com/arkose_labs	https://hub.docker.com/u/arkoselabs
https://hackerone.com/att	?
https://hackerone.com/audible	https://hub.docker.com/u/audible
https://hackerone.com/autodesk	https://hub.docker.com/u/autodesk
https://hackerone.com/automattic	https://hub.docker.com/u/automattic
https://hackerone.com/avalara	https://hub.docker.com/u/avalara
https://hackerone.com/aven_response	https://hub.docker.com/u/aven
https://hackerone.com/aws_vdp	?
https://hackerone.com/baird_vdp	https://hub.docker.com/u/baird
https://hackerone.com/banco_plata	https://hub.docker.com/u/banco
https://hackerone.com/bankunited	?
https://hackerone.com/basecamp	https://hub.docker.com/u/basecamp
https://hackerone.com/bcny	https://hub.docker.com/u/bcny
https://hackerone.com/beiersdorf	https://hub.docker.com/u/beiersdorf
https://hackerone.com/bill_vdp	https://hub.docker.com/u/bill
https://hackerone.com/bitmex	?
https://hackerone.com/bitwarden	https://hub.docker.com/u/bitwarden
https://hackerone.com/blackrock	https://hub.docker.com/u/blackrock
https://hackerone.com/blend-labs	https://hub.docker.com/u/blendlabs
https://hackerone.com/bookingcom	https://hub.docker.com/u/bookingcom
https://hackerone.com/boozt	https://hub.docker.com/u/boozt
https://hackerone.com/bose_vdp	https://hub.docker.com/u/bose
https://hackerone.com/brave	https://hub.docker.com/u/brave
https://hackerone.com/braze_inc	https://hub.docker.com/u/braze
https://hackerone.com/brightspeed	https://hub.docker.com/u/brightspeed
https://hackerone.com/british_airways_vdp	https://hub.docker.com/u/british
https://hackerone.com/bumba_bbp	https://hub.docker.com/u/bumba
https://hackerone.com/bumble	https://hub.docker.com/u/bumble
https://hackerone.com/bybit_fintech	https://hub.docker.com/u/bybit
https://hackerone.com/bykea	?
https://hackerone.com/callsign	https://hub.docker.com/u/callsign
https://hackerone.com/canada_goose_inc	https://hub.docker.com/u/canada
https://hackerone.com/capital-one	https://hub.docker.com/u/capitalone
https://hackerone.com/capital-one-bounty	https://hub.docker.com/u/capital
https://hackerone.com/caterpillar	https://hub.docker.com/u/caterpillar
https://hackerone.com/cbre	?
https://hackerone.com/cedars-sinai	https://hub.docker.com/u/cedars
https://hackerone.com/central-security-project	https://hub.docker.com/u/central
https://hackerone.com/cert	?
https://hackerone.com/chainlink	https://hub.docker.com/u/chainlink
https://hackerone.com/chaturbate	?
https://hackerone.com/chia_network	https://hub.docker.com/u/chianetwork
https://hackerone.com/circle-bbp	https://hub.docker.com/u/circle
https://hackerone.com/citi_group	https://hub.docker.com/u/citigroup
https://hackerone.com/city_of_los_angeles_vdp	https://hub.docker.com/u/city
https://hackerone.com/clarivate	https://hub.docker.com/u/clarivate
https://hackerone.com/cloudflare	https://hub.docker.com/u/cloudflare
https://hackerone.com/coalition	https://hub.docker.com/u/coalition
https://hackerone.com/cognizant	https://hub.docker.com/u/cognizant
https://hackerone.com/coinbase	https://hub.docker.com/u/coinbase
https://hackerone.com/coinhako	https://hub.docker.com/u/coinhako
https://hackerone.com/coinspot	https://hub.docker.com/u/coinspot
https://hackerone.com/compass-bbp	https://hub.docker.com/u/compass
https://hackerone.com/concretecms	https://hub.docker.com/u/concretecms
https://hackerone.com/consensys	https://hub.docker.com/u/consensys
https://hackerone.com/corebridge_financial	https://hub.docker.com/u/corebridge
https://hackerone.com/cosmos	https://hub.docker.com/u/cosmos
https://hackerone.com/costco	https://hub.docker.com/u/costco
https://hackerone.com/coursera	https://hub.docker.com/u/coursera
https://hackerone.com/creditkarma	https://hub.docker.com/u/creditkarma
https://hackerone.com/crowdstrike	https://hub.docker.com/u/crowdstrike
https://hackerone.com/crypto	https://hub.docker.com/u/crypto
https://hackerone.com/cs_money	?
https://hackerone.com/csg-public	https://hub.docker.com/u/public
https://hackerone.com/dailypay_vdp	https://hub.docker.com/u/dailypay
https://hackerone.com/daimler_truck	https://hub.docker.com/u/daimlertruck
https://hackerone.com/databricks	https://hub.docker.com/u/databricks
https://hackerone.com/defectdojo	https://hub.docker.com/u/defectdojo
https://hackerone.com/deptofdefense	https://hub.docker.com/u/deptofdefense
https://hackerone.com/deribit	?
https://hackerone.com/deriv	https://hub.docker.com/u/deriv
https://hackerone.com/dib-vdp	?
https://hackerone.com/disclosure-assistance	https://hub.docker.com/u/disclosure
https://hackerone.com/discourse	https://hub.docker.com/u/discourse
https://hackerone.com/disney	https://hub.docker.com/u/disney
https://hackerone.com/django	https://hub.docker.com/u/django
https://hackerone.com/docker	https://hub.docker.com/u/docker
https://hackerone.com/docusign	https://hub.docker.com/u/docusign
https://hackerone.com/doordash	https://hub.docker.com/u/doordash
https://hackerone.com/doppler	https://hub.docker.com/u/doppler
https://hackerone.com/draken_aero	https://hub.docker.com/u/draken
https://hackerone.com/drumgrange-vdp	?
https://hackerone.com/duckduckgo	https://hub.docker.com/u/duckduckgo
https://hackerone.com/dust	https://hub.docker.com/u/dust
https://hackerone.com/dynamic_labs	https://hub.docker.com/u/dynamiclabs
https://hackerone.com/dynatrace	https://hub.docker.com/u/dynatrace
https://hackerone.com/dyson	https://hub.docker.com/u/dyson
https://hackerone.com/early_warning	https://hub.docker.com/u/earlywarning
https://hackerone.com/eero	https://hub.docker.com/u/eero
https://hackerone.com/elastic	https://hub.docker.com/u/elastic
https://hackerone.com/emoney-advisor	https://hub.docker.com/u/emoneyadvisor
https://hackerone.com/enjin	https://hub.docker.com/u/enjin
https://hackerone.com/epicgames	https://hub.docker.com/u/epicgames
https://hackerone.com/equifax	https://hub.docker.com/u/equifaxinc
https://hackerone.com/estee-lauder	https://hub.docker.com/u/estee
https://hackerone.com/eternal	https://hub.docker.com/u/eternal
https://hackerone.com/eufy_security	https://hub.docker.com/u/eufy
https://hackerone.com/eurofins	https://hub.docker.com/u/eurofins
https://hackerone.com/evernote	?
https://hackerone.com/exness	https://hub.docker.com/u/exness
https://hackerone.com/exodus	https://hub.docker.com/u/exodus
https://hackerone.com/expediagroup	https://hub.docker.com/u/expediagroup
https://hackerone.com/expediagroup_bbp	https://hub.docker.com/u/expediagroup
https://hackerone.com/experian	https://hub.docker.com/u/experian
https://hackerone.com/expressionengine	?
https://hackerone.com/fanduel	https://hub.docker.com/u/fanduel
https://hackerone.com/fanduel-vdp	https://hub.docker.com/u/fanduel
https://hackerone.com/faraday_inc	https://hub.docker.com/u/faraday
https://hackerone.com/fastly-vdp	https://hub.docker.com/u/fastly
https://hackerone.com/ferrero	?
https://hackerone.com/fertitta_entertainment	https://hub.docker.com/u/entertainment
https://hackerone.com/fetlife	https://hub.docker.com/u/fetlife
https://hackerone.com/fidelity	https://hub.docker.com/u/fidelity
https://hackerone.com/fifth_third_bank_vdp	https://hub.docker.com/u/fifth
https://hackerone.com/figma	https://hub.docker.com/u/figma
https://hackerone.com/files	https://hub.docker.com/u/files
https://hackerone.com/finnair_vdp	https://hub.docker.com/u/finnair
https://hackerone.com/finra	https://hub.docker.com/u/finra
https://hackerone.com/fiserv	https://hub.docker.com/u/fiserv
https://hackerone.com/flexport_vdp	https://hub.docker.com/u/flexport
https://hackerone.com/flickr	https://hub.docker.com/u/flickr
https://hackerone.com/flipkart	https://hub.docker.com/u/flipkart
https://hackerone.com/floqast	https://hub.docker.com/u/floqast
https://hackerone.com/flutteruki	https://hub.docker.com/u/flutteruki
https://hackerone.com/ford	https://hub.docker.com/u/ford
https://hackerone.com/forescout_technologies	https://hub.docker.com/u/forescout
https://hackerone.com/formassembly	https://hub.docker.com/u/formassembly
https://hackerone.com/fresenius	https://hub.docker.com/u/fresenius
https://hackerone.com/freshworks	https://hub.docker.com/u/freshworks
https://hackerone.com/frontegg	https://hub.docker.com/u/frontegg
https://hackerone.com/fronthq	?
https://hackerone.com/github	https://hub.docker.com/u/github
https://hackerone.com/gitlab	https://hub.docker.com/u/gitlab
https://hackerone.com/glassdoor	https://hub.docker.com/u/glassdoor
https://hackerone.com/global-payments	https://hub.docker.com/u/globalpayments
https://hackerone.com/gm	?
https://hackerone.com/gmelius	?
https://hackerone.com/gocardless_bbp	https://hub.docker.com/u/gocardless
https://hackerone.com/gocd	https://hub.docker.com/u/gocd
https://hackerone.com/godaddy-vdp	https://hub.docker.com/u/godaddy
https://hackerone.com/goldmansachs	https://hub.docker.com/u/goldmansachs
https://hackerone.com/goodrx	https://hub.docker.com/u/goodrx
https://hackerone.com/grab	https://hub.docker.com/u/grab
https://hackerone.com/greenhouse	https://hub.docker.com/u/greenhouse
https://hackerone.com/grindr	https://hub.docker.com/u/grindr
https://hackerone.com/gymshark	https://hub.docker.com/u/gymshark
https://hackerone.com/hack_the_box	https://hub.docker.com/u/hackthebox
https://hackerone.com/hcl_software	https://hub.docker.com/u/hclsoftware
https://hackerone.com/henkel_vdp	https://hub.docker.com/u/henkel
https://hackerone.com/hertz	https://hub.docker.com/u/hertz
https://hackerone.com/hex	https://hub.docker.com/u/hexinc
https://hackerone.com/hilton	https://hub.docker.com/u/hilton
https://hackerone.com/hostinger	https://hub.docker.com/u/hostinger
https://hackerone.com/hotmartvdp	?
https://hackerone.com/hpe_vdp	?
https://hackerone.com/hubspot	https://hub.docker.com/u/hubspot
https://hackerone.com/hy-vee	https://hub.docker.com/u/hyvee
https://hackerone.com/hyatt	?
https://hackerone.com/hyland_software	https://hub.docker.com/u/hylandsoftware
https://hackerone.com/hypr-corp	https://hub.docker.com/u/hypr
https://hackerone.com/ibb	?
https://hackerone.com/ibm	?
https://hackerone.com/inditex	https://hub.docker.com/u/inditex
https://hackerone.com/indrive	https://hub.docker.com/u/indrive
https://hackerone.com/informatica	https://hub.docker.com/u/informatica
https://hackerone.com/insightly	?
https://hackerone.com/inspectorio	https://hub.docker.com/u/inspectorio
https://hackerone.com/instacart	https://hub.docker.com/u/instacart
https://hackerone.com/insulet_corporation	https://hub.docker.com/u/insulet
https://hackerone.com/interco_vdp	?
https://hackerone.com/intuit_rdp	https://hub.docker.com/u/intuit
https://hackerone.com/inzpire	https://hub.docker.com/u/inzpire
https://hackerone.com/ion	https://hub.docker.com/u/ionio
https://hackerone.com/itau_unibanco	https://hub.docker.com/u/itau
https://hackerone.com/jetblue	https://hub.docker.com/u/jetblue
https://hackerone.com/jnj_mobile	https://hub.docker.com/u/mobile
https://hackerone.com/john-deere	https://hub.docker.com/u/johndeere
https://hackerone.com/judgeme	https://hub.docker.com/u/judgeme
https://hackerone.com/kahootz-vdp	?
https://hackerone.com/kaseya	https://hub.docker.com/u/kaseya
https://hackerone.com/kayak	https://hub.docker.com/u/kayak
https://hackerone.com/keybank	https://hub.docker.com/u/keybank
https://hackerone.com/khanacademy	https://hub.docker.com/u/khanacademy
https://hackerone.com/khealth	https://hub.docker.com/u/khealth
https://hackerone.com/kiwicom	https://hub.docker.com/u/kiwicom
https://hackerone.com/kkr_vdp	?
https://hackerone.com/klarna	https://hub.docker.com/u/klarna
https://hackerone.com/koho	https://hub.docker.com/u/koho
https://hackerone.com/kong	https://hub.docker.com/u/kong
https://hackerone.com/kraken-tech	https://hub.docker.com/u/krakentech
https://hackerone.com/krisp	https://hub.docker.com/u/krisp
https://hackerone.com/kubernetes	https://hub.docker.com/u/kubernetes
https://hackerone.com/lark_technologies	https://hub.docker.com/u/lark
https://hackerone.com/latamairlines	?
https://hackerone.com/launchdarkly	https://hub.docker.com/u/launchdarkly
https://hackerone.com/lightspark_bbp	?
https://hackerone.com/linkedin	https://hub.docker.com/u/linkedin
https://hackerone.com/liverpool_victoria	https://hub.docker.com/u/liverpool
https://hackerone.com/logitech	https://hub.docker.com/u/logitech
https://hackerone.com/loofah	https://hub.docker.com/u/loofah
https://hackerone.com/lovable-vdp	https://hub.docker.com/u/lovable
https://hackerone.com/lowes	https://hub.docker.com/u/lowes
https://hackerone.com/lpl_financial-vdp	?
https://hackerone.com/lyst	https://hub.docker.com/u/lyst
https://hackerone.com/mactaggart_scott	https://hub.docker.com/u/scott
https://hackerone.com/magic-eden	https://hub.docker.com/u/magiceden
https://hackerone.com/malwarebytes	https://hub.docker.com/u/malwarebytes
https://hackerone.com/mapbox	https://hub.docker.com/u/mapbox
https://hackerone.com/mariadb	https://hub.docker.com/u/mariadb
https://hackerone.com/marriott	https://hub.docker.com/u/marriott
https://hackerone.com/mars	https://hub.docker.com/u/mars
https://hackerone.com/matomo	https://hub.docker.com/u/matomo
https://hackerone.com/meesho_bbp	https://hub.docker.com/u/meesho
https://hackerone.com/mendix	https://hub.docker.com/u/mendix
https://hackerone.com/mercadolibre	https://hub.docker.com/u/mercadolibre
https://hackerone.com/mergify	https://hub.docker.com/u/mergify
https://hackerone.com/metamask	https://hub.docker.com/u/metamask
https://hackerone.com/mintel	https://hub.docker.com/u/mintel
https://hackerone.com/modern_treasury	https://hub.docker.com/u/moderntreasury
https://hackerone.com/monarch_money	https://hub.docker.com/u/monarch
https://hackerone.com/mondelez	?
https://hackerone.com/monero	https://hub.docker.com/u/monero
https://hackerone.com/moneybird	https://hub.docker.com/u/moneybird
https://hackerone.com/mongodb	https://hub.docker.com/u/mongodb
https://hackerone.com/moonpay	https://hub.docker.com/u/moonpay
https://hackerone.com/moov	https://hub.docker.com/u/moov
https://hackerone.com/mozilla	https://hub.docker.com/u/mozilla
https://hackerone.com/mpesa	https://hub.docker.com/u/mpesa
https://hackerone.com/msci	https://hub.docker.com/u/msci
https://hackerone.com/msd	https://hub.docker.com/u/msdio
https://hackerone.com/mtb	https://hub.docker.com/u/mtbio
https://hackerone.com/mtn_group	https://hub.docker.com/u/mtngroup
https://hackerone.com/mueller_water_products_vdp	https://hub.docker.com/u/mueller
https://hackerone.com/mufg-vdp	https://hub.docker.com/u/mufg
https://hackerone.com/myndr	https://hub.docker.com/u/myndr
https://hackerone.com/n45ht	?
https://hackerone.com/navient_solutions	https://hub.docker.com/u/solutions
https://hackerone.com/nba-public	https://hub.docker.com/u/public
https://hackerone.com/neon_bbp	https://hub.docker.com/u/neon
https://hackerone.com/netflix	https://hub.docker.com/u/netflix
https://hackerone.com/netlify	https://hub.docker.com/u/netlify
https://hackerone.com/netscaler_public_program	https://hub.docker.com/u/netscaler
https://hackerone.com/newegg	https://hub.docker.com/u/newegg
https://hackerone.com/nextcloud	https://hub.docker.com/u/nextcloud
https://hackerone.com/nintendo	https://hub.docker.com/u/nintendo
https://hackerone.com/nisc	https://hub.docker.com/u/nisc
https://hackerone.com/nodejs	https://hub.docker.com/u/nodejs
https://hackerone.com/nokogiri	https://hub.docker.com/u/nokogiri
https://hackerone.com/nominet	https://hub.docker.com/u/nominet
https://hackerone.com/nordsecurity	https://hub.docker.com/u/nordsecurity
https://hackerone.com/notion	https://hub.docker.com/u/notion
https://hackerone.com/nutanix	https://hub.docker.com/u/nutanix
https://hackerone.com/oaknorth_bank	https://hub.docker.com/u/oaknorthbank
https://hackerone.com/oanda	https://hub.docker.com/u/oanda
https://hackerone.com/octopus-energy	https://hub.docker.com/u/energy
https://hackerone.com/ohiosecretaryofstate	?
https://hackerone.com/okg	?
https://hackerone.com/on	https://hub.docker.com/u/onhq
https://hackerone.com/openmage	https://hub.docker.com/u/openmage
https://hackerone.com/oportun_vdp	https://hub.docker.com/u/oportun
https://hackerone.com/oppo_bbp	https://hub.docker.com/u/oppo
https://hackerone.com/overloop	https://hub.docker.com/u/overloop
https://hackerone.com/owox	https://hub.docker.com/u/owox
https://hackerone.com/pagerduty	https://hub.docker.com/u/pagerduty
https://hackerone.com/palantir_public	https://hub.docker.com/u/public
https://hackerone.com/palo_alto_software	https://hub.docker.com/u/paloaltosoftware
https://hackerone.com/particle-health-vdp	https://hub.docker.com/u/particle
https://hackerone.com/passhash	https://hub.docker.com/u/passhash
https://hackerone.com/payoneer	https://hub.docker.com/u/payoneer
https://hackerone.com/paypal	https://hub.docker.com/u/paypal
https://hackerone.com/paystack-vdp	?
https://hackerone.com/peloton	https://hub.docker.com/u/peloton
https://hackerone.com/penn_entertainment	https://hub.docker.com/u/penn
https://hackerone.com/pepsico_vdp	https://hub.docker.com/u/pepsico
https://hackerone.com/pfizer	?
https://hackerone.com/phabricator	https://hub.docker.com/u/phabricator
https://hackerone.com/phpbb	?
https://hackerone.com/picsart	https://hub.docker.com/u/picsart
https://hackerone.com/pingidentity	https://hub.docker.com/u/pingidentity
https://hackerone.com/pixiv	https://hub.docker.com/u/pixiv
https://hackerone.com/plaid	https://hub.docker.com/u/plaid
https://hackerone.com/planet-labs	https://hub.docker.com/u/planetlabs
https://hackerone.com/playstation	?
https://hackerone.com/playtika	https://hub.docker.com/u/playtika
https://hackerone.com/polygon-technology	https://hub.docker.com/u/polygon
https://hackerone.com/pornbox	?
https://hackerone.com/portswigger	https://hub.docker.com/u/portswigger
https://hackerone.com/priceline	https://hub.docker.com/u/priceline
https://hackerone.com/privy-bbp	https://hub.docker.com/u/privy
https://hackerone.com/productboard	https://hub.docker.com/u/productboard
https://hackerone.com/prolinx-vdp	?
https://hackerone.com/prudential-financial	https://hub.docker.com/u/prudential
https://hackerone.com/pubg	https://hub.docker.com/u/pubg
https://hackerone.com/publitas	https://hub.docker.com/u/publitas
https://hackerone.com/pyca	https://hub.docker.com/u/pyca
https://hackerone.com/quora	https://hub.docker.com/u/quora
https://hackerone.com/r3	?
https://hackerone.com/rails	https://hub.docker.com/u/rails
https://hackerone.com/ratelimited	https://hub.docker.com/u/ratelimited
https://hackerone.com/razorpay	https://hub.docker.com/u/razorpay
https://hackerone.com/recreation_gov_vdp	https://hub.docker.com/u/recreation
https://hackerone.com/reddit	https://hub.docker.com/u/reddit
https://hackerone.com/redis-vdp	https://hub.docker.com/u/redis
https://hackerone.com/redox_bbp	https://hub.docker.com/u/redox
https://hackerone.com/regions_financial	https://hub.docker.com/u/financial
https://hackerone.com/rei_bbp	?
https://hackerone.com/rei_vdp	?
https://hackerone.com/remitly	https://hub.docker.com/u/remitly
https://hackerone.com/render	https://hub.docker.com/u/render
https://hackerone.com/resmed	https://hub.docker.com/u/resmed
https://hackerone.com/revive_adserver	https://hub.docker.com/u/revive
https://hackerone.com/ridewithvia	https://hub.docker.com/u/ridewithvia
https://hackerone.com/ring	https://hub.docker.com/u/ring
https://hackerone.com/ripio	https://hub.docker.com/u/ripio
https://hackerone.com/ro	https://hub.docker.com/u/roio
https://hackerone.com/robinhood	https://hub.docker.com/u/robinhood
https://hackerone.com/robinhood_markets	https://hub.docker.com/u/robinhoodmarkets
https://hackerone.com/roblox	https://hub.docker.com/u/roblox
https://hackerone.com/rockstargames	https://hub.docker.com/u/rockstargames
https://hackerone.com/roke_vdp	https://hub.docker.com/u/roke
https://hackerone.com/ruby	https://hub.docker.com/u/rubyinc
https://hackerone.com/rubygems	https://hub.docker.com/u/rubygems
https://hackerone.com/s-pankki	?
https://hackerone.com/scopely	https://hub.docker.com/u/scopely
https://hackerone.com/security	https://hub.docker.com/u/security
https://hackerone.com/sega	https://hub.docker.com/u/sega
https://hackerone.com/semrush	?
https://hackerone.com/servicenow-disclosure	https://hub.docker.com/u/servicenow
https://hackerone.com/sheer_bbp	https://hub.docker.com/u/sheer
https://hackerone.com/shein	https://hub.docker.com/u/shein
https://hackerone.com/shopify	https://hub.docker.com/u/shopify
https://hackerone.com/shutterfly_vdp	https://hub.docker.com/u/shutterfly
https://hackerone.com/sidefx	?
https://hackerone.com/simple_poll	https://hub.docker.com/u/simple
https://hackerone.com/singlestore	https://hub.docker.com/u/singlestore
https://hackerone.com/six-group	https://hub.docker.com/u/sixgroup
https://hackerone.com/slack	https://hub.docker.com/u/slack
https://hackerone.com/smtp2go	https://hub.docker.com/u/smtp2go
https://hackerone.com/snapchat	https://hub.docker.com/u/snapchat
https://hackerone.com/sony	https://hub.docker.com/u/sony
https://hackerone.com/sorare	https://hub.docker.com/u/sorare
https://hackerone.com/spotify	https://hub.docker.com/u/spotify
https://hackerone.com/stagingdoteverydotorg	?
https://hackerone.com/starbucks	https://hub.docker.com/u/starbucks
https://hackerone.com/starbucks_china	https://hub.docker.com/u/starbucks
https://hackerone.com/starbucks_japan	https://hub.docker.com/u/starbucks
https://hackerone.com/starling_bank	https://hub.docker.com/u/starlingbank
https://hackerone.com/stellar	https://hub.docker.com/u/stellar
https://hackerone.com/streak_com	https://hub.docker.com/u/streak
https://hackerone.com/stripchat	https://hub.docker.com/u/stripchat
https://hackerone.com/stripe	https://hub.docker.com/u/stripe
https://hackerone.com/stripo	https://hub.docker.com/u/stripo
https://hackerone.com/supabase	https://hub.docker.com/u/supabase
https://hackerone.com/superbet	https://hub.docker.com/u/superbet
https://hackerone.com/superhuman	?
https://hackerone.com/syfe_bbp	https://hub.docker.com/u/syfe
https://hackerone.com/td-bank	https://hub.docker.com/u/tdbank
https://hackerone.com/temu	https://hub.docker.com/u/temu
https://hackerone.com/tenable	https://hub.docker.com/u/tenable
https://hackerone.com/tesco	https://hub.docker.com/u/tesco
https://hackerone.com/thnks	https://hub.docker.com/u/thnks
https://hackerone.com/thomsonreuters-public	https://hub.docker.com/u/thomsonreuters
https://hackerone.com/tiktok	https://hub.docker.com/u/tiktok
https://hackerone.com/tinder	https://hub.docker.com/u/tinder
https://hackerone.com/tines_automation_vdp	https://hub.docker.com/u/tines
https://hackerone.com/tomtom	?
https://hackerone.com/toolsforhumanity	https://hub.docker.com/u/toolsforhumanity
https://hackerone.com/top_echelon_software	https://hub.docker.com/u/software
https://hackerone.com/torproject	https://hub.docker.com/u/torproject
https://hackerone.com/toyota	?
https://hackerone.com/transunion	https://hub.docker.com/u/transunion
https://hackerone.com/trellix	https://hub.docker.com/u/trellix
https://hackerone.com/trendyol	https://hub.docker.com/u/trendyol
https://hackerone.com/trip_com	https://hub.docker.com/u/tripcom
https://hackerone.com/tron_dao	https://hub.docker.com/u/tron
https://hackerone.com/truecaller	https://hub.docker.com/u/truecaller
https://hackerone.com/truist_financial	https://hub.docker.com/u/truist
https://hackerone.com/tucows_vdp	https://hub.docker.com/u/tucows
https://hackerone.com/twilio	https://hub.docker.com/u/twilio
https://hackerone.com/uber	https://hub.docker.com/u/uber
https://hackerone.com/udemy	https://hub.docker.com/u/udemy
https://hackerone.com/ui	https://hub.docker.com/u/uiio
https://hackerone.com/unico_idtech	https://hub.docker.com/u/unicoidtech
https://hackerone.com/unitigroup	https://hub.docker.com/u/unitigroup
https://hackerone.com/ups	https://hub.docker.com/u/upsteam
https://hackerone.com/urbancompany	https://hub.docker.com/u/urbancompany
https://hackerone.com/us-department-of-state	https://hub.docker.com/u/state
https://hackerone.com/usertesting	https://hub.docker.com/u/usertesting
https://hackerone.com/usps	https://hub.docker.com/u/usps
https://hackerone.com/valve	https://hub.docker.com/u/valve
https://hackerone.com/varonis	https://hub.docker.com/u/varonis
https://hackerone.com/vectra_ai_vdp	https://hub.docker.com/u/vectra
https://hackerone.com/veeam	https://hub.docker.com/u/veeam
https://hackerone.com/vendasta	https://hub.docker.com/u/vendasta
https://hackerone.com/vercel-open-source	https://hub.docker.com/u/vercel
https://hackerone.com/verily_life_sciences	https://hub.docker.com/u/verily
https://hackerone.com/versioncake	?
https://hackerone.com/vimeo	https://hub.docker.com/u/vimeo
https://hackerone.com/visa	https://hub.docker.com/u/visa
https://hackerone.com/vodafone	https://hub.docker.com/u/vodafone
https://hackerone.com/vodafone_oman	https://hub.docker.com/u/vodafone
https://hackerone.com/vueling_vdp	https://hub.docker.com/u/vueling
https://hackerone.com/wakatime	?
https://hackerone.com/wallet_on_telegram	https://hub.docker.com/u/wallet
https://hackerone.com/wealthsimple	https://hub.docker.com/u/wealthsimple
https://hackerone.com/weblate	https://hub.docker.com/u/weblate
https://hackerone.com/wellhive	https://hub.docker.com/u/wellhive
https://hackerone.com/wellsfargo-bbp	https://hub.docker.com/u/wellsfargo
https://hackerone.com/who-covid-19-mobile-app	?
https://hackerone.com/whoop_bug_bounty	https://hub.docker.com/u/whoop
https://hackerone.com/wickr	https://hub.docker.com/u/wickr
https://hackerone.com/wisdomtree	https://hub.docker.com/u/wisdomtree
https://hackerone.com/wonder-vdp	https://hub.docker.com/u/wonder
https://hackerone.com/wordpress	?
https://hackerone.com/worklytics	?
https://hackerone.com/worldpay	https://hub.docker.com/u/worldpay
https://hackerone.com/x	?
https://hackerone.com/xiaomi	?
https://hackerone.com/xvideos	https://hub.docker.com/u/xvideos
https://hackerone.com/yelp	https://hub.docker.com/u/yelp
https://hackerone.com/yoti	https://hub.docker.com/u/yoti
https://hackerone.com/zabbix	https://hub.docker.com/u/zabbix
https://hackerone.com/zebra_vdp	https://hub.docker.com/u/zebra
https://hackerone.com/zerobounce	?
https://hackerone.com/zooplus	https://hub.docker.com/u/zooplus
https://hackerone.com/zurich-insurance	https://hub.docker.com/u/zurichinsurance
