https://app.intigriti.com/programs/VismaResponsibleDisclosure	?
https://app.intigriti.com/programs/aikido	?
https://app.intigriti.com/programs/algemeendagblad	?
https://app.intigriti.com/programs/allegrobugbounty	?
https://app.intigriti.com/programs/altera	?
https://app.intigriti.com/programs/amd	?
https://app.intigriti.com/programs/anacondavdp	?
https://app.intigriti.com/programs/arboniavdpprogram	?
https://app.intigriti.com/programs/arkanenetwork	?
https://app.intigriti.com/programs/arm	?
https://app.intigriti.com/programs/axelspringersevulnerabilitydisclosureprogram	?
https://app.intigriti.com/programs/bitvavovdp	?
https://app.intigriti.com/programs/bmc	?
https://app.intigriti.com/programs/bmwgroup	?
https://app.intigriti.com/programs/bmwgroup-automotive	?
https://app.intigriti.com/programs/buhlergroupvdp	?
https://app.intigriti.com/programs/capitalcom	?
https://app.intigriti.com/programs/challenge0226	?
https://app.intigriti.com/programs/cloudways	?
https://app.intigriti.com/programs/cmcom	?
https://app.intigriti.com/programs/coca-cola	?
https://app.intigriti.com/programs/crossborderfines	?
https://app.intigriti.com/programs/cybersecuritycoalition	?
https://app.intigriti.com/programs/datacamp	?
https://app.intigriti.com/programs/demorgen	?
https://app.intigriti.com/programs/devolkskrant	?
https://app.intigriti.com/programs/dhlvdp	?
https://app.intigriti.com/programs/digitalocean	?
https://app.intigriti.com/programs/donorboxvdp	?
https://app.intigriti.com/programs/dpgmedia	?
https://app.intigriti.com/programs/driessenvdp	?
https://app.intigriti.com/programs/dropbox	?
https://app.intigriti.com/programs/dropbox-vdp	?
https://app.intigriti.com/programs/dstnybugbounty	?
https://app.intigriti.com/programs/dummy	?
https://app.intigriti.com/programs/e-tracker	?
https://app.intigriti.com/programs/ehealthhub&meta-hubvznkul	?
https://app.intigriti.com/programs/exactvulnerabilitydisclosureprogram	?
https://app.intigriti.com/programs/excoscalebugbounty	?
https://app.intigriti.com/programs/fing	?
https://app.intigriti.com/programs/freepikcompany	?
https://app.intigriti.com/programs/grafanaossbbp	?
https://app.intigriti.com/programs/heretechnologies	?
https://app.intigriti.com/programs/hetlaatstenieuws	?
https://app.intigriti.com/programs/hetparool	?
https://app.intigriti.com/programs/houseofhrvulnerabilitydisclosureprogram	?
https://app.intigriti.com/programs/hrsgroupvdp	?
https://app.intigriti.com/programs/huisvesting	?
https://app.intigriti.com/programs/humo	?
https://app.intigriti.com/programs/iciparisxl	?
https://app.intigriti.com/programs/ing-responsible-disclosure	?
https://app.intigriti.com/programs/innogames	?
https://app.intigriti.com/programs/innovapost	?
https://app.intigriti.com/programs/intel	?
https://app.intigriti.com/programs/intergamma	?
https://app.intigriti.com/programs/intigriti	?
https://app.intigriti.com/programs/kiwavdp	?
https://app.intigriti.com/programs/kruidvat	?
https://app.intigriti.com/programs/kuleuvenrdp	?
https://app.intigriti.com/programs/lansweeper1	?
https://app.intigriti.com/programs/libelle	?
https://app.intigriti.com/programs/marionnaud	?
https://app.intigriti.com/programs/mobilevikings	?
https://app.intigriti.com/programs/monzopublicbugbountyprogram	?
https://app.intigriti.com/programs/moralisio	?
https://app.intigriti.com/programs/nestl√©vdp	?
https://app.intigriti.com/programs/nexuzhealth	?
https://app.intigriti.com/programs/nexuzhealthvdp	?
https://app.intigriti.com/programs/nexuzhealthwebpacs	?
https://app.intigriti.com/programs/ninjakiwigames	?
https://app.intigriti.com/programs/nmt	?
https://app.intigriti.com/programs/nvidiavdp	?
https://app.intigriti.com/programs/oda	?
https://app.intigriti.com/programs/onlineinschrijvingenbetalingstoepassing	?
https://app.intigriti.com/programs/orbiavdp	?
https://app.intigriti.com/programs/ovovdp	?
https://app.intigriti.com/programs/pdqcomprivate	?
https://app.intigriti.com/programs/peoplecert	?
https://app.intigriti.com/programs/personio	?
https://app.intigriti.com/programs/portofantwerp	?
https://app.intigriti.com/programs/privatebankdelen	?
https://app.intigriti.com/programs/proofvdp	?
https://app.intigriti.com/programs/qualifiedresponsibledisclosureprogram	?
https://app.intigriti.com/programs/randstad	?
https://app.intigriti.com/programs/redbull	?
https://app.intigriti.com/programs/responsiblevulnerabilitydisclosureprogram	?
https://app.intigriti.com/programs/revolutvdp	?
https://app.intigriti.com/programs/rgfbe-vdp	?
https://app.intigriti.com/programs/ripencc	?
https://app.intigriti.com/programs/rivianbugbounty	?
https://app.intigriti.com/programs/sbbglobal	?
https://app.intigriti.com/programs/signicatresponsibledisclosure	?
https://app.intigriti.com/programs/simscale	?
https://app.intigriti.com/programs/skodaautoprivatebugbountyprogram	?
https://app.intigriti.com/programs/socialdeal	?
https://app.intigriti.com/programs/speakapresponsibledisclosure	?
https://app.intigriti.com/programs/sqillscorporatewebsite	?
https://app.intigriti.com/programs/storebrand-rd	?
https://app.intigriti.com/programs/superdrug	?
https://app.intigriti.com/programs/tempo-team	?
https://app.intigriti.com/programs/theperfumeshop	?
https://app.intigriti.com/programs/toastvdp	?
https://app.intigriti.com/programs/tomorrowland	?
https://app.intigriti.com/programs/torfs	?
https://app.intigriti.com/programs/trouw	?
https://app.intigriti.com/programs/truelayer	?
https://app.intigriti.com/programs/trustedfirmware	?
https://app.intigriti.com/programs/twago	?
https://app.intigriti.com/programs/tweakers	?
https://app.intigriti.com/programs/ubisoftvdp	?
https://app.intigriti.com/programs/upholdcom	?
https://app.intigriti.com/programs/usz-vdp	?
https://app.intigriti.com/programs/uzleuven	?
https://app.intigriti.com/programs/vdp	?
https://app.intigriti.com/programs/vinted-bugbountyprogram	?
https://app.intigriti.com/programs/visma	?
https://app.intigriti.com/programs/vlerickbusinessschool	?
https://app.intigriti.com/programs/voiscooters	?
https://app.intigriti.com/programs/voivulnerabilitydisclosureprogram	?
https://app.intigriti.com/programs/vrtnv	?
https://app.intigriti.com/programs/vtmgo	?
https://app.intigriti.com/programs/water-link	?
https://app.intigriti.com/programs/water-linkvdp	?
https://app.intigriti.com/programs/watsons	?
https://app.intigriti.com/programs/website	?
https://app.intigriti.com/programs/wolt	?
https://app.intigriti.com/programs/wpengine	?
https://app.intigriti.com/programs/wpenginebugbounty	?
https://app.intigriti.com/programs/yacht	?
https://app.intigriti.com/programs/yahoobugbounty	?
https://app.intigriti.com/programs/zabkagroup-vdp	?
