https://yeswehack.com/programs/agora	?
https://yeswehack.com/programs/alasco-gmbh-bug-bounty-program	?
https://yeswehack.com/programs/ant-group-security-response-center-bug-bounty-program	?
https://yeswehack.com/programs/app-suite	https://hub.docker.com/u/appsuite
https://yeswehack.com/programs/atg-public-bug-bounty-program	?
https://yeswehack.com/programs/bigbluebutton-bug-bounty-program	?
https://yeswehack.com/programs/bind-bug-bounty-program	?
https://yeswehack.com/programs/bitoasis-bug-bounty-program	?
https://yeswehack.com/programs/bookbeat	https://hub.docker.com/u/bookbeat
https://yeswehack.com/programs/bug-bounty-program-blablacar	?
https://yeswehack.com/programs/bug-bounty-sncf-connect-1	?
https://yeswehack.com/programs/coindcx-bug-bounty-program	?
https://yeswehack.com/programs/contentsquare-bug-bounty-program	?
https://yeswehack.com/programs/cryptobox-bug-bounty	?
https://yeswehack.com/programs/cyberghost-bug-bounty-program	?
https://yeswehack.com/programs/cybermalveillance-gouv-fr-sensibilization-prevention-and-support-in-terms-of-cybersecurity	?
https://yeswehack.com/programs/dailymotion-public-bug-bounty	?
https://yeswehack.com/programs/dana-bug-bounty-program	?
https://yeswehack.com/programs/datadome-bot-bounty	?
https://yeswehack.com/programs/datadome-bug-bounty	?
https://yeswehack.com/programs/decathlon	https://hub.docker.com/u/decathlon
https://yeswehack.com/programs/deezer-bug-bounty-program-2019	?
https://yeswehack.com/programs/demarches-simplifiees-public	?
https://yeswehack.com/programs/digital-flanders-vulnerability-disclosure-program	?
https://yeswehack.com/programs/doctolib-public-bug-bounty-program	?
https://yeswehack.com/programs/dojo	https://hub.docker.com/u/dojo
https://yeswehack.com/programs/dovecot	https://hub.docker.com/u/dovecot
https://yeswehack.com/programs/dracoon-bug-bounty-program	?
https://yeswehack.com/programs/expressvpn-bug-bounty-program	?
https://yeswehack.com/programs/ezviz-bug-bounty-program	?
https://yeswehack.com/programs/fdj-united-online-betting-gaming-bug-bounty-program	?
https://yeswehack.com/programs/franceconnect-proconnect-public	?
https://yeswehack.com/programs/gnome-bug-bounty-program	?
https://yeswehack.com/programs/gojek-bug-bounty-program	?
https://yeswehack.com/programs/goto-financial-public-bounty-program	?
https://yeswehack.com/programs/govtech-vulnerability-disclosure-programme-policy	?
https://yeswehack.com/programs/grw-trading-fze-bug-bounty-program	?
https://yeswehack.com/programs/imou-public-bug-bounty-program	?
https://yeswehack.com/programs/infomaniak-bug-bounty-program	?
https://yeswehack.com/programs/jenkins-bug-bounty-program	?
https://yeswehack.com/programs/keycloak-bug-bounty-program	?
https://yeswehack.com/programs/komoju-public-bug-bounty-program	?
https://yeswehack.com/programs/log4j-bug-bounty-program	?
https://yeswehack.com/programs/louis-vuitton-malletier-public-bug-bounty-program	?
https://yeswehack.com/programs/maya-public-bug-bounty-program	?
https://yeswehack.com/programs/mediamarktsaturn-bug-bounty-program	?
https://yeswehack.com/programs/memento-bug-bounty-program	?
https://yeswehack.com/programs/mon-espace-sante-mes	?
https://yeswehack.com/programs/moneybox-bug-bounty	?
https://yeswehack.com/programs/nextcloud	https://hub.docker.com/u/nextcloud
https://yeswehack.com/programs/okto-bug-bounty-program	?
https://yeswehack.com/programs/onedoc-sa-bug-bounty-program	?
https://yeswehack.com/programs/ooredoo-qpsc-bug-bounty-program	?
https://yeswehack.com/programs/openpgp-js-bug-bounty-program	?
https://yeswehack.com/programs/openproject	https://hub.docker.com/u/openproject
https://yeswehack.com/programs/otto-de-bug-bounty	?
https://yeswehack.com/programs/outscale	https://hub.docker.com/u/outscale
https://yeswehack.com/programs/ovh	?
https://yeswehack.com/programs/owncloud-bug-bounty-program	?
https://yeswehack.com/programs/paddle-com-public-bug-bounty-program	?
https://yeswehack.com/programs/pendulum-bug-bounty-program	?
https://yeswehack.com/programs/pine-labs-bug-bounty-program	?
https://yeswehack.com/programs/powerdns	https://hub.docker.com/u/powerdns
https://yeswehack.com/programs/private-internet-access-bug-bounty-program	?
https://yeswehack.com/programs/proconnect-identite	?
https://yeswehack.com/programs/programmes-de-primes-aux-bogues-du-gouvernement-du-quebec-cgcd	?
https://yeswehack.com/programs/qwant	https://hub.docker.com/u/qwant
https://yeswehack.com/programs/salt-mobile-sa-bug-bounty-program	?
https://yeswehack.com/programs/sante-publique-france-bugbounty-public-program	?
https://yeswehack.com/programs/sequoia-pgp-bug-bounty-program	?
https://yeswehack.com/programs/sogexia	?
https://yeswehack.com/programs/spacelift-io-bug-bounty-program	?
https://yeswehack.com/programs/swapcard	?
https://yeswehack.com/programs/swiss-post	https://hub.docker.com/u/swisspost
https://yeswehack.com/programs/swiss-post-evoting	?
https://yeswehack.com/programs/systemd-bug-bounty-program	?
https://yeswehack.com/programs/tchap-public	?
https://yeswehack.com/programs/teamviewer-bounty-program	?
https://yeswehack.com/programs/telenor-sweden-public-bug-bounty-program	?
https://yeswehack.com/programs/tencent-bug-bounty-program	?
https://yeswehack.com/programs/thuringer-aufbaubank-bug-bounty-program	?
https://yeswehack.com/programs/vfs-global-bug-bounty-program	?
https://yeswehack.com/programs/vidaxl-holding-open-bug-bounty-program	?
https://yeswehack.com/programs/vidaxl-services-open-bug-bounty-program	?
https://yeswehack.com/programs/vincisa-public-program	?
https://yeswehack.com/programs/wgr-industries-holding-open-bug-bounty-program	?
https://yeswehack.com/programs/withings-public-program	?
https://yeswehack.com/programs/yes-we-hack	https://hub.docker.com/u/yeswehack
https://yeswehack.com/programs/zecible-public-bug-bounty-program	?
https://yeswehack.com/programs/zivver-bug-bounty-program	?
